href,title
https://www.banglatribune.com///www.banglatribune.com/educations/901006/%E0%A6%9C%E0%A7%81%E0%A6%B2%E0%A6%BE%E0%A6%87-%E0%A6%85%E0%A6%AD%E0%A7%8D%E0%A6%AF%E0%A7%81%E0%A6%A4%E0%A7%8D%E0%A6%A5%E0%A6%BE%E0%A6%A8%E0%A7%87-%E0%A6%86%E0%A6%B9%E0%A6%A4-%E0%A6%A8%E0%A6%BF%E0%A6%B9%E0%A6%A4%E0%A6%A6%E0%A7%87%E0%A6%B0-%E0%A6%AA%E0%A6%B0%E0%A6%BF%E0%A6%AC%E0%A6%BE%E0%A6%B0%E0%A7%87%E0%A6%B0-%E0%A6%9C%E0%A6%A8%E0%A7%8D%E0%A6%AF-%E0%A6%95%E0%A7%8B%E0%A6%9F%E0%A6%BE,জুলাই অভ্যুত্থানে আহত-নিহতদের পরিবারের জন্য কোটা নাকি ‘বিশেষ সুবিধা’?
https://www.banglatribune.com///www.banglatribune.com/country/901013/%E0%A6%AD%E0%A7%8B%E0%A6%B2%E0%A6%BE%E0%A7%9F-%E0%A6%98%E0%A6%B0%E0%A6%AC%E0%A6%BE%E0%A7%9C%E0%A6%BF%E0%A6%B0-%E0%A6%AC%E0%A7%8D%E0%A6%AF%E0%A6%BE%E0%A6%AA%E0%A6%95-%E0%A6%95%E0%A7%8D%E0%A6%B7%E0%A6%A4%E0%A6%BF-%E0%A6%AD%E0%A7%87%E0%A6%B8%E0%A7%87-%E0%A6%97%E0%A7%87%E0%A6%9B%E0%A7%87-%E0%A6%97%E0%A6%B0%E0%A7%81-%E0%A6%9B%E0%A6%BE%E0%A6%97%E0%A6%B2-%E0%A6%93,"ভোলায় ঘরবাড়ির ব্যাপক ক্ষতি, ভেসে গেছে গরু-ছাগল ও পুকুরের মাছ"
https://www.banglatribune.com///www.banglatribune.com/national/901012/%E0%A6%AC%E0%A6%BE%E0%A6%82%E0%A6%B2%E0%A6%BE%E0%A6%A6%E0%A7%87%E0%A6%B6-%E0%A6%9C%E0%A6%BE%E0%A6%AA%E0%A6%BE%E0%A6%A8-%E0%A6%85%E0%A6%B0%E0%A7%8D%E0%A6%A5%E0%A6%A8%E0%A7%88%E0%A6%A4%E0%A6%BF%E0%A6%95-%E0%A6%85%E0%A6%82%E0%A6%B6%E0%A7%80%E0%A6%A6%E0%A6%BE%E0%A6%B0%E0%A6%A4%E0%A7%8D%E0%A6%AC-%E0%A6%9A%E0%A7%81%E0%A6%95%E0%A7%8D%E0%A6%A4%E0%A6%BF-%E0%A6%B8%E0%A6%87-%E0%A6%95%E0%A6%B0%E0%A6%AC%E0%A7%87,বাংলাদেশ-জাপান অর্থনৈতিক অংশীদারত্ব চুক্তি সই করবে
https://www.banglatribune.com///www.banglatribune.com/sport/cricket/901008/%E0%A6%86%E0%A6%AC%E0%A6%BE%E0%A6%B0%E0%A6%93-%E0%A6%9F%E0%A6%B8-%E0%A6%B9%E0%A7%87%E0%A6%B0%E0%A7%87-%E0%A6%AB%E0%A6%BF%E0%A6%B2%E0%A7%8D%E0%A6%A1%E0%A6%BF%E0%A6%82%E0%A7%9F%E0%A7%87-%E0%A6%AC%E0%A6%BE%E0%A6%82%E0%A6%B2%E0%A6%BE%E0%A6%A6%E0%A7%87%E0%A6%B6,হারিসের পর শাহিবজাদাকে ফিরিয়ে বাংলাদেশের স্বস্তি
https://www.banglatribune.com///www.banglatribune.com/business/news/901015/%E0%A6%87%E0%A6%B8%E0%A6%B2%E0%A6%BE%E0%A6%AE%E0%A7%80-%E0%A6%A7%E0%A6%BE%E0%A6%B0%E0%A6%BE%E0%A6%B0-%E0%A6%AC%E0%A7%8D%E0%A6%AF%E0%A6%BE%E0%A6%82%E0%A6%95-%E0%A6%8F%E0%A6%95%E0%A7%80%E0%A6%AD%E0%A7%82%E0%A6%A4%E0%A6%95%E0%A6%B0%E0%A6%A3%E0%A7%87-%E0%A6%8F%E0%A6%A8%E0%A6%AC%E0%A6%BF%E0%A6%8F%E0%A6%B2-%E0%A6%A5%E0%A6%BE%E0%A6%95%E0%A6%9B%E0%A7%87-%E0%A6%A8%E0%A6%BE,ইসলামী ধারার ব্যাংক একীভূতকরণে এনবিএল থাকছে না: কেন্দ্রীয় ব্যাংক
https://www.banglatribune.com///www.banglatribune.com/sport/cricket/901005/%E0%A6%8F%E0%A6%95%E0%A6%B8%E0%A6%AE%E0%A7%9F%E0%A7%87%E0%A6%B0-%E0%A6%AB%E0%A7%81%E0%A6%9F%E0%A6%AC%E0%A6%B2%E0%A6%BE%E0%A6%B0-%E0%A6%8F%E0%A6%96%E0%A6%A8-%E0%A6%95%E0%A7%8D%E0%A6%B0%E0%A6%BF%E0%A6%95%E0%A7%87%E0%A6%9F-%E0%A6%AC%E0%A7%8B%E0%A6%B0%E0%A7%8D%E0%A6%A1%E0%A7%87%E0%A6%B0-%E0%A6%AE%E0%A6%B8%E0%A6%A8%E0%A6%A6%E0%A7%87,একসময়ের ফুটবলার এখন ক্রিকেট বোর্ডের মসনদে
https://www.banglatribune.com///www.banglatribune.com/foreign/middle-east/901016/%E0%A6%AA%E0%A6%BE%E0%A6%B0%E0%A6%AE%E0%A6%BE%E0%A6%A3%E0%A6%AC%E0%A6%BF%E0%A6%95-%E0%A6%9A%E0%A7%81%E0%A6%95%E0%A7%8D%E0%A6%A4%E0%A6%BF-%E0%A6%A8%E0%A6%BE-%E0%A6%95%E0%A6%B0%E0%A6%B2%E0%A7%87-%E0%A6%87%E0%A6%B8%E0%A6%B0%E0%A6%BE%E0%A7%9F%E0%A7%87%E0%A6%B2%E0%A6%BF-%E0%A6%B9%E0%A6%BE%E0%A6%AE%E0%A6%B2%E0%A6%BE%E0%A6%B0-%E0%A6%9D%E0%A7%81%E0%A6%81%E0%A6%95%E0%A6%BF,"পারমাণবিক চুক্তি না করলে ইসরায়েলি হামলার ঝুঁকি, ইরানকে সৌদি আরবের হুঁশিয়ারি"
https://www.banglatribune.com///www.banglatribune.com/others/900968/%E0%A6%88%E0%A6%A6%E0%A7%87%E0%A6%B0-%E0%A6%86%E0%A6%97%E0%A7%87-%E0%A6%AC%E0%A7%87%E0%A6%B6%E0%A6%BF%E0%A6%B0%E0%A6%AD%E0%A6%BE%E0%A6%97-%E0%A6%AA%E0%A6%A3%E0%A7%8D%E0%A6%AF%E0%A7%87%E0%A6%B0-%E0%A6%A6%E0%A6%BE%E0%A6%AE-%E0%A6%B8%E0%A7%8D%E0%A6%A5%E0%A6%BF%E0%A6%A4%E0%A6%BF%E0%A6%B6%E0%A7%80%E0%A6%B2-%E0%A6%95%E0%A6%AE%E0%A7%87%E0%A6%9B%E0%A7%87,"ঈদের আগে বেশিরভাগ পণ্যের দাম স্থিতিশীল, কমেছে সবজিসহ ডিম-মুরগির"
https://www.banglatribune.com///www.banglatribune.com/sport/cricket/901014/%E0%A6%8F%E0%A6%95%E0%A6%9F%E0%A6%BE-%E0%A6%AD%E0%A6%BE%E0%A6%B2%E0%A7%8B-%E0%A6%9F%E0%A6%BF-%E0%A6%9F%E0%A7%8B%E0%A7%9F%E0%A7%87%E0%A6%A8%E0%A7%8D%E0%A6%9F%E0%A6%BF-%E0%A6%87%E0%A6%A8%E0%A6%BF%E0%A6%82%E0%A6%B8-%E0%A6%96%E0%A7%87%E0%A6%B2%E0%A6%AC%E0%A7%8B-%E0%A6%AF%E0%A6%BE-%E0%A6%86%E0%A6%AA%E0%A6%A8%E0%A6%BE%E0%A6%B0%E0%A6%BE,"একটা ভালো টি-টোয়েন্টি ইনিংস খেলবো, যা আপনারা দীর্ঘদিন মনে রাখবেন: বুলবুল"
https://www.banglatribune.com///www.banglatribune.com/others/901004/%E0%A6%B2%E0%A6%9E%E0%A7%8D%E0%A6%9A-%E0%A6%9A%E0%A6%B2%E0%A6%BE%E0%A6%9A%E0%A6%B2-%E0%A6%B6%E0%A7%81%E0%A6%B0%E0%A7%81-%E0%A6%B9%E0%A6%B2%E0%A7%87%E0%A6%93-%E0%A6%AF%E0%A6%BE%E0%A6%A4%E0%A7%8D%E0%A6%B0%E0%A7%80-%E0%A6%96%E0%A6%B0%E0%A6%BE-%E0%A6%B8%E0%A6%A6%E0%A6%B0%E0%A6%98%E0%A6%BE%E0%A6%9F%E0%A7%87,লঞ্চ চলাচল শুরু হলেও যাত্রী খরা সদরঘাটে
https://www.banglatribune.com///www.banglatribune.com/country/900983/%E0%A6%A2%E0%A7%87%E0%A6%89%E0%A7%9F%E0%A7%87%E0%A6%B0-%E0%A6%86%E0%A6%98%E0%A6%BE%E0%A6%A4%E0%A7%87-%E0%A6%AD%E0%A6%BE%E0%A6%99%E0%A6%9B%E0%A7%87-%E0%A6%9F%E0%A7%87%E0%A6%95%E0%A6%A8%E0%A6%BE%E0%A6%AB%E0%A7%87%E0%A6%B0-%E0%A6%AE%E0%A7%87%E0%A6%B0%E0%A6%BF%E0%A6%A8-%E0%A6%A1%E0%A7%8D%E0%A6%B0%E0%A6%BE%E0%A6%87%E0%A6%AD,ঢেউয়ের আঘাতে ভাঙছে টেকনাফের মেরিন ড্রাইভ
https://www.banglatribune.com///www.banglatribune.com/national/900993/%E0%A6%AA%E0%A7%83%E0%A6%A5%E0%A6%BF%E0%A6%AC%E0%A7%80%E0%A6%95%E0%A7%87-%E0%A6%B0%E0%A6%95%E0%A7%8D%E0%A6%B7%E0%A6%BE%E0%A7%9F-%E2%80%98%E0%A6%A5%E0%A7%8D%E0%A6%B0%E0%A6%BF-%E0%A6%9C%E0%A6%BF%E0%A6%B0%E0%A7%8B-%E0%A6%95%E0%A7%8D%E0%A6%B2%E0%A6%BE%E0%A6%AC%E2%80%99-%E0%A6%97%E0%A7%9C%E0%A7%87-%E0%A6%A4%E0%A7%8B%E0%A6%B2%E0%A6%BE%E0%A6%B0-%E0%A6%86%E0%A6%B9%E0%A7%8D%E0%A6%AC%E0%A6%BE%E0%A6%A8,পৃথিবীকে রক্ষায় ‘থ্রি জিরো ক্লাব’ গড়ে তোলার আহ্বান প্রধান উপদেষ্টার
https://www.banglatribune.com///www.banglatribune.com/others/901000/%E0%A6%B0%E0%A6%BE%E0%A6%9C%E0%A6%A7%E0%A6%BE%E0%A6%A8%E0%A7%80%E0%A6%A4%E0%A7%87-%E0%A6%A4%E0%A7%80%E0%A6%AC%E0%A7%8D%E0%A6%B0-%E0%A6%9C%E0%A6%B2%E0%A6%BE%E0%A6%AC%E0%A6%A6%E0%A7%8D%E0%A6%A7%E0%A6%A4%E0%A6%BE-%E0%A6%AC%E0%A7%83%E0%A6%B7%E0%A7%8D%E0%A6%9F%E0%A6%BF%E0%A6%A4%E0%A7%87-%E0%A6%A4%E0%A6%B2%E0%A6%BF%E0%A7%9F%E0%A7%87-%E0%A6%97%E0%A7%87%E0%A6%9B%E0%A7%87,"রাজধানীতে তীব্র জলাবদ্ধতা, বৃষ্টিতে তলিয়ে গেছে বিভিন্ন সড়ক"
https://www.banglatribune.com///www.banglatribune.com/country/900992/%E0%A6%9A%E0%A6%9F%E0%A7%8D%E0%A6%9F%E0%A6%97%E0%A7%8D%E0%A6%B0%E0%A6%BE%E0%A6%AE%E0%A7%87-%E0%A6%9D%E0%A7%9C%E0%A7%8B-%E0%A6%B9%E0%A6%BE%E0%A6%93%E0%A7%9F%E0%A6%BE%E0%A7%9F-%E0%A6%A4%E0%A7%80%E0%A6%B0%E0%A7%87-%E0%A6%86%E0%A6%9F%E0%A6%95%E0%A7%87-%E0%A6%97%E0%A7%87%E0%A6%B2%E0%A7%8B-%E0%A7%AA-%E0%A6%9C%E0%A6%BE%E0%A6%B9%E0%A6%BE%E0%A6%9C,চট্টগ্রামে ঝোড়ো হাওয়ায় তীরে আটকে গেলো ৪ জাহাজ
https://www.banglatribune.com///www.banglatribune.com/foreign/900969/%E0%A6%86%E0%A6%AA%E0%A6%BF%E0%A6%B2-%E0%A6%86%E0%A6%A6%E0%A6%BE%E0%A6%B2%E0%A6%A4%E0%A7%87%E0%A6%B0-%E0%A6%A8%E0%A6%BF%E0%A6%B0%E0%A7%8D%E0%A6%A6%E0%A7%87%E0%A6%B6%E0%A7%87-%E0%A6%AC%E0%A6%B9%E0%A6%BE%E0%A6%B2-%E0%A6%A5%E0%A6%BE%E0%A6%95%E0%A6%9B%E0%A7%87-%E0%A6%9F%E0%A7%8D%E0%A6%B0%E0%A6%BE%E0%A6%AE%E0%A7%8D%E0%A6%AA%E0%A7%87%E0%A6%B0-%E0%A6%B6%E0%A7%81%E0%A6%B2%E0%A7%8D%E0%A6%95,আপিল আদালতের নির্দেশে বহাল থাকছে ট্রাম্পের শুল্ক
https://www.banglatribune.com///www.banglatribune.com/national/900997/%E0%A6%AA%E0%A7%8D%E0%A6%B0%E0%A6%AC%E0%A6%BE%E0%A6%B8%E0%A7%80%E0%A6%A6%E0%A7%87%E0%A6%B0-%E0%A6%86%E0%A6%B0%E0%A6%93-%E0%A6%B8%E0%A6%AE%E0%A6%B0%E0%A7%8D%E0%A6%A5%E0%A6%A8-%E0%A6%9A%E0%A6%BE%E0%A6%87%E0%A6%B2%E0%A7%87%E0%A6%A8-%E0%A6%AA%E0%A7%8D%E0%A6%B0%E0%A6%A7%E0%A6%BE%E0%A6%A8-%E0%A6%89%E0%A6%AA%E0%A6%A6%E0%A7%87%E0%A6%B7%E0%A7%8D%E0%A6%9F%E0%A6%BE,প্রবাসীদের আরও সমর্থন চাইলেন প্রধান উপদেষ্টা
https://www.banglatribune.com///www.banglatribune.com/national/900986/%E0%A6%9C%E0%A6%BE%E0%A6%AA%E0%A6%BE%E0%A6%A8%E0%A7%87%E0%A6%B0-%E0%A6%B8%E0%A6%99%E0%A7%8D%E0%A6%97%E0%A7%87-%E0%A6%B8%E0%A6%AE%E0%A7%8D%E0%A6%AA%E0%A6%B0%E0%A7%8D%E0%A6%95-%E0%A6%A8%E0%A6%A4%E0%A7%81%E0%A6%A8-%E0%A6%89%E0%A6%9A%E0%A7%8D%E0%A6%9A%E0%A6%A4%E0%A6%BE%E0%A7%9F-%E0%A6%89%E0%A6%A0%E0%A6%B2%E0%A7%8B-%E0%A6%AA%E0%A7%8D%E0%A6%B0%E0%A7%87%E0%A6%B8,জাপানের সঙ্গে সম্পর্ক নতুন উচ্চতায় উঠলো: প্রেস সচিব
https://www.banglatribune.com///www.banglatribune.com/national/900971/%E0%A6%A8%E0%A6%A4%E0%A7%81%E0%A6%A8-%E0%A6%AC%E0%A6%BE%E0%A6%82%E0%A6%B2%E0%A6%BE%E0%A6%A6%E0%A7%87%E0%A6%B6-%E0%A6%97%E0%A6%A1%E0%A6%BC%E0%A6%A4%E0%A7%87-%E0%A6%9C%E0%A6%BE%E0%A6%AA%E0%A6%BE%E0%A6%A8%E0%A7%87%E0%A6%B0-%E0%A6%B8%E0%A6%B9%E0%A6%BE%E0%A6%AF%E0%A6%BC%E0%A6%A4%E0%A6%BE-%E0%A6%9A%E0%A6%BE%E0%A6%87%E0%A6%B2%E0%A7%87%E0%A6%A8-%E0%A6%AA%E0%A7%8D%E0%A6%B0%E0%A6%A7%E0%A6%BE%E0%A6%A8,নতুন বাংলাদেশ গড়তে জাপানের সহায়তা চাইলেন প্রধান উপদেষ্টা
https://www.banglatribune.com///www.banglatribune.com/tech-and-gadget/900945/%E0%A6%A6%E0%A7%87%E0%A6%B6%E0%A6%9C%E0%A7%81%E0%A7%9C%E0%A7%87-%E0%A6%9F%E0%A7%87%E0%A6%B2%E0%A6%BF%E0%A6%AF%E0%A7%8B%E0%A6%97%E0%A6%BE%E0%A6%AF%E0%A7%8B%E0%A6%97-%E0%A6%B8%E0%A7%87%E0%A6%AC%E0%A6%BE%E0%A7%9F-%E0%A6%AC%E0%A6%BF%E0%A6%98%E0%A7%8D%E0%A6%A8-%E0%A7%AB-%E0%A6%B9%E0%A6%BE%E0%A6%9C%E0%A6%BE%E0%A6%B0%E0%A7%87%E0%A6%B0-%E0%A6%AC%E0%A7%87%E0%A6%B6%E0%A6%BF,"দেশজুড়ে টেলিযোগাযোগ সেবায় বিঘ্ন, ৫ হাজারের বেশি সাইট ডাউন"
https://www.banglatribune.com///www.banglatribune.com/sport/cricket/900972/%E0%A6%AC%E0%A6%BE%E0%A6%82%E0%A6%B2%E0%A6%BE%E0%A6%A6%E0%A7%87%E0%A6%B6%E0%A7%87%E0%A6%B0-%E0%A6%86%E0%A6%9C-%E0%A6%B8%E0%A6%BF%E0%A6%B0%E0%A6%BF%E0%A6%9C-%E0%A6%AC%E0%A6%BE%E0%A6%81%E0%A6%9A%E0%A6%BE%E0%A6%A8%E0%A7%8B%E0%A6%B0-%E0%A6%AE%E0%A6%BF%E0%A6%B6%E0%A6%A8,বাংলাদেশের আজ সিরিজ বাঁচানোর মিশন
https://www.banglatribune.com///www.banglatribune.com/foreign/middle-east/900981/%E0%A6%97%E0%A6%BE%E0%A6%9C%E0%A6%BE%E0%A6%AF%E0%A6%BC-%E0%A6%AE%E0%A6%BE%E0%A6%A8%E0%A6%AC%E0%A6%BF%E0%A6%95-%E0%A6%B8%E0%A6%82%E0%A6%95%E0%A6%9F-%E0%A6%87%E0%A6%B8%E0%A6%B0%E0%A6%BE%E0%A6%AF%E0%A6%BC%E0%A7%87%E0%A6%B2%E0%A7%87%E0%A6%B0-%E0%A6%93%E0%A6%AA%E0%A6%B0-%E0%A6%A8%E0%A6%BF%E0%A6%B7%E0%A7%87%E0%A6%A7%E0%A6%BE%E0%A6%9C%E0%A7%8D%E0%A6%9E%E0%A6%BE%E0%A6%B0,গাজায় মানবিক সংকট: ইসরায়েলের ওপর নিষেধাজ্ঞার হুমকি ফ্রান্সের
https://www.banglatribune.com///www.banglatribune.com/columns/900893/%E0%A6%AC%E0%A6%BF%E0%A6%9A%E0%A6%95%E0%A7%8D%E0%A6%B7%E0%A6%A3-%E0%A6%93-%E0%A6%AC%E0%A6%BE%E0%A6%B8%E0%A7%8D%E0%A6%A4%E0%A6%AC%E0%A6%AC%E0%A6%BE%E0%A6%A6%E0%A7%80-%E0%A6%9C%E0%A6%BF%E0%A7%9F%E0%A6%BE%E0%A6%89%E0%A6%B0-%E0%A6%B0%E0%A6%B9%E0%A6%AE%E0%A6%BE%E0%A6%A8-%E0%A6%A8%E0%A6%A4%E0%A7%81%E0%A6%A8-%E0%A6%AC%E0%A6%BE%E0%A6%82%E0%A6%B2%E0%A6%BE%E0%A6%A6%E0%A7%87%E0%A6%B6%E0%A7%87%E0%A6%B0,বিচক্ষণ ও বাস্তববাদী জিয়াউর রহমান: নতুন বাংলাদেশের অভিমুখ
https://www.banglatribune.com///www.banglatribune.com/columns/900333/%E0%A6%97%E0%A7%8D%E0%A6%B0%E0%A6%BE%E0%A6%AE%E0%A7%87%E0%A6%B0-%E0%A6%93%E0%A6%B7%E0%A7%81%E0%A6%A7%E0%A7%87%E0%A6%B0-%E0%A6%A6%E0%A7%8B%E0%A6%95%E0%A6%BE%E0%A6%A8-%E0%A6%9C%E0%A6%A8%E0%A6%B8%E0%A7%8D%E0%A6%AC%E0%A6%BE%E0%A6%B8%E0%A7%8D%E0%A6%A5%E0%A7%8D%E0%A6%AF%E0%A7%87-%E0%A6%A4%E0%A6%BE%E0%A6%A6%E0%A7%87%E0%A6%B0-%E0%A6%AD%E0%A7%82%E0%A6%AE%E0%A6%BF%E0%A6%95%E0%A6%BE,গ্রামের ওষুধের দোকান: জনস্বাস্থ্যে তাদের ভূমিকা
https://www.banglatribune.com///www.banglatribune.com/sport/cricket/900953/%E2%80%98%E0%A6%AF%E0%A6%BE%E0%A6%B0%E0%A6%BE-%E0%A6%86%E0%A6%AE%E0%A6%BE%E0%A6%95%E0%A7%87-%E0%A6%A8%E0%A6%BF%E0%A7%9F%E0%A7%87-%E0%A6%A8%E0%A6%BE%E0%A6%9F%E0%A6%95-%E0%A6%A4%E0%A7%88%E0%A6%B0%E0%A6%BF-%E0%A6%95%E0%A6%B0%E0%A7%87%E0%A6%9B%E0%A7%87-%E0%A6%8F%E0%A6%9F%E0%A6%BE-%E0%A6%A4%E0%A6%BE%E0%A6%B0%E0%A6%87-%E0%A6%85%E0%A6%82%E0%A6%B6%E2%80%99,দেশ ছাড়া নিয়ে একটি মহল গুজব ছড়াচ্ছে: ফারুক আহমেদ
https://www.banglatribune.com///www.banglatribune.com/sport/cricket/900977/%E0%A6%AC%E0%A7%8B%E0%A6%B0%E0%A7%8D%E0%A6%A1%E0%A7%87-%E0%A6%95%E0%A7%8D%E0%A6%B0%E0%A6%BF%E0%A6%95%E0%A7%87%E0%A6%9F-%E0%A6%9B%E0%A6%BE%E0%A7%9C%E0%A6%BE-%E0%A6%B8%E0%A6%AC-%E0%A6%95%E0%A6%BF%E0%A6%9B%E0%A7%81%E0%A6%87-%E0%A6%B9%E0%A6%9A%E0%A7%8D%E0%A6%9B%E0%A7%87-%E0%A6%A4%E0%A6%BE%E0%A6%AE%E0%A6%BF%E0%A6%AE,বোর্ডে ক্রিকেট ছাড়া সব কিছুই হচ্ছে: তামিম
https://www.banglatribune.com///www.banglatribune.com/others/900946/%E0%A6%B8%E0%A7%8D%E0%A6%A5%E0%A6%B2-%E0%A6%A8%E0%A6%BF%E0%A6%AE%E0%A7%8D%E0%A6%A8%E0%A6%9A%E0%A6%BE%E0%A6%AA%E0%A7%87%E0%A6%B0-%E0%A6%AA%E0%A7%8D%E0%A6%B0%E0%A6%AD%E0%A6%BE%E0%A6%AC%E0%A7%87-%E0%A6%B0%E0%A6%BE%E0%A6%9C%E0%A6%A7%E0%A6%BE%E0%A6%A8%E0%A7%80%E0%A6%A4%E0%A7%87-%E0%A6%9D%E0%A7%9C%E0%A7%8B,"স্থল নিম্নচাপের প্রভাবে রাজধানীতে ঝড়ো হাওয়া-বৃষ্টি, চলতে পারে সারাদিন"
https://www.banglatribune.com///www.banglatribune.com/country/chitagong/900947/%E0%A6%A8%E0%A6%BF%E0%A6%B0%E0%A6%BE%E0%A6%AA%E0%A6%A6-%E0%A6%B8%E0%A7%8D%E0%A6%A5%E0%A6%BE%E0%A6%A8%E0%A7%87-%E0%A6%B8%E0%A6%B0%E0%A7%87-%E0%A6%AF%E0%A7%87%E0%A6%A4%E0%A7%87-%E0%A6%AE%E0%A6%BE%E0%A6%87%E0%A6%95%E0%A6%BF%E0%A6%82,নিরাপদ স্থানে সরে যেতে মাইকিং
https://www.banglatribune.com///www.banglatribune.com/politics/bnp/900949/%E0%A6%8F%E0%A6%95%E0%A6%9F%E0%A6%BF-%E0%A6%B2%E0%A7%8B%E0%A6%95-%E0%A6%A8%E0%A6%BF%E0%A6%B0%E0%A7%8D%E0%A6%AC%E0%A6%BE%E0%A6%9A%E0%A6%A8-%E0%A6%9A%E0%A6%BE%E0%A6%AF%E0%A6%BC-%E0%A6%A8%E0%A6%BE-%E0%A6%AE%E0%A6%BF%E0%A6%B0%E0%A7%8D%E0%A6%9C%E0%A6%BE-%E0%A6%86%E0%A6%AC%E0%A7%8D%E0%A6%AC%E0%A6%BE%E0%A6%B8,একটি লোক নির্বাচন চায় না: মির্জা আব্বাস
https://www.banglatribune.com///www.banglatribune.com/national/900973/%E0%A6%AA%E0%A7%8D%E0%A6%B0%E0%A6%A7%E0%A6%BE%E0%A6%A8-%E0%A6%89%E0%A6%AA%E0%A6%A6%E0%A7%87%E0%A6%B7%E0%A7%8D%E0%A6%9F%E0%A6%BE%E0%A6%95%E0%A7%87-%E0%A6%B8%E0%A6%AE%E0%A7%8D%E0%A6%AE%E0%A6%BE%E0%A6%A8%E0%A6%B8%E0%A7%82%E0%A6%9A%E0%A6%95-%E0%A6%A1%E0%A6%95%E0%A7%8D%E0%A6%9F%E0%A6%B0%E0%A7%87%E0%A6%9F-%E0%A6%A1%E0%A6%BF%E0%A6%97%E0%A7%8D%E0%A6%B0%E0%A6%BF-%E0%A6%A6%E0%A6%BF%E0%A6%B2%E0%A7%8B,প্রধান উপদেষ্টাকে সম্মানসূচক ডক্টরেট ডিগ্রি দিলো সোকা বিশ্ববিদ্যালয়
https://www.banglatribune.com///www.banglatribune.com/country/900974/%E0%A6%B0%E0%A6%BE%E0%A6%99%E0%A6%BE%E0%A6%AE%E0%A6%BE%E0%A6%9F%E0%A6%BF%E0%A6%A4%E0%A7%87-%E0%A6%9F%E0%A6%BE%E0%A6%A8%E0%A6%BE-%E0%A6%AC%E0%A6%B0%E0%A7%8D%E0%A6%B7%E0%A6%A3%E0%A7%87-%E0%A6%AC%E0%A7%87%E0%A7%9C%E0%A7%87%E0%A6%9B%E0%A7%87-%E0%A6%AA%E0%A6%BE%E0%A6%B9%E0%A6%BE%E0%A7%9C-%E0%A6%A7%E0%A6%B8%E0%A7%87%E0%A6%B0-%E0%A6%9D%E0%A7%81%E0%A6%81%E0%A6%95%E0%A6%BF,"রাঙামাটিতে টানা বর্ষণে বেড়েছে পাহাড় ধসের ঝুঁকি, আশ্রয়কেন্দ্র ফাঁকা"
https://www.banglatribune.com///www.banglatribune.com/country/chitagong/900958/%E0%A6%AC%E0%A7%88%E0%A6%B0%E0%A7%80-%E0%A6%86%E0%A6%AC%E0%A6%B9%E0%A6%BE%E0%A6%93%E0%A7%9F%E0%A6%BE%E0%A7%9F-%E0%A6%A6%E0%A7%81%E0%A6%AC%E0%A6%BE%E0%A6%87%E0%A6%97%E0%A6%BE%E0%A6%AE%E0%A7%80-%E0%A6%AB%E0%A7%8D%E0%A6%B2%E0%A6%BE%E0%A6%87%E0%A6%9F-%E0%A6%9A%E0%A6%9F%E0%A7%8D%E0%A6%9F%E0%A6%97%E0%A7%8D%E0%A6%B0%E0%A6%BE%E0%A6%AE%E0%A7%87-%E0%A6%A8%E0%A6%BE%E0%A6%AE%E0%A6%A4%E0%A7%87-%E0%A6%A8%E0%A6%BE,বৈরী আবহাওয়ায় দুবাইগামী ফ্লাইট চট্টগ্রামে নামতে না পেরে ফিরে গেলো ঢাকায়
https://www.banglatribune.com///www.banglatribune.com/others/900961/%E0%A6%9F%E0%A6%BE%E0%A6%A8%E0%A6%BE-%E0%A6%AC%E0%A7%83%E0%A6%B7%E0%A7%8D%E0%A6%9F%E0%A6%BF%E0%A6%A4%E0%A7%87-%E0%A6%AA%E0%A7%8D%E0%A6%B2%E0%A6%BE%E0%A6%AC%E0%A6%BF%E0%A6%A4-%E0%A6%A8%E0%A6%BF%E0%A6%89%E0%A6%AE%E0%A6%BE%E0%A6%B0%E0%A7%8D%E0%A6%95%E0%A7%87%E0%A6%9F-%E0%A6%8F%E0%A6%B2%E0%A6%BE%E0%A6%95%E0%A6%BE,টানা বৃষ্টিতে প্লাবিত নিউমার্কেট এলাকা
https://www.banglatribune.com///www.banglatribune.com/country/chitagong/900941/%E0%A6%B9%E0%A6%BE%E0%A6%B2%E0%A6%A6%E0%A6%BE-%E0%A6%A8%E0%A6%A6%E0%A7%80%E0%A6%A4%E0%A7%87-%E0%A6%A1%E0%A6%BF%E0%A6%AE-%E0%A6%9B%E0%A7%87%E0%A7%9C%E0%A7%87%E0%A6%9B%E0%A7%87-%E0%A6%AE%E0%A6%BE-%E0%A6%AE%E0%A6%BE%E0%A6%9B,হালদা নদীতে ডিম ছেড়েছে মা মাছ
https://www.banglatribune.com///www.banglatribune.com/business/news/900877/%E0%A6%A8%E0%A6%A4%E0%A7%81%E0%A6%A8-%E0%A6%AC%E0%A6%BE%E0%A6%9C%E0%A7%87%E0%A6%9F%E0%A7%87-%E0%A6%AE%E0%A6%BE%E0%A6%A8%E0%A7%81%E0%A6%B7%E0%A7%87%E0%A6%B0-%E0%A6%95%E0%A6%B7%E0%A7%8D%E0%A6%9F-%E0%A6%95%E0%A6%BF-%E0%A6%95%E0%A6%AE%E0%A6%AC%E0%A7%87,নতুন বাজেটে মানুষের কষ্ট কি কমবে?
https://www.banglatribune.com///www.banglatribune.com/business/news/900867/%E0%A6%AE%E0%A7%81%E0%A6%AE%E0%A7%82%E0%A6%B0%E0%A7%8D%E0%A6%B7%E0%A7%81-%E0%A7%A8%E0%A7%A6-%E0%A6%86%E0%A6%B0%E0%A7%8D%E0%A6%A5%E0%A6%BF%E0%A6%95-%E0%A6%AA%E0%A7%8D%E0%A6%B0%E0%A6%A4%E0%A6%BF%E0%A6%B7%E0%A7%8D%E0%A6%A0%E0%A6%BE%E0%A6%A8%E0%A6%95%E0%A7%87-%E0%A6%9A%E0%A6%BF%E0%A6%A0%E0%A6%BF-%E0%A6%9A%E0%A6%BE%E0%A6%93%E0%A7%9F%E0%A6%BE-%E0%A6%B9%E0%A6%B2%E0%A7%8B,"মুমূর্ষু ২০ আর্থিক প্রতিষ্ঠানকে চিঠি, চাওয়া হলো ঘুরে দাঁড়ানোর পরিকল্পনা"
https://www.banglatribune.com///www.banglatribune.com/business/news/900864/%E0%A6%9A%E0%A6%B2%E0%A6%A4%E0%A6%BF-%E0%A6%85%E0%A6%B0%E0%A7%8D%E0%A6%A5%E0%A6%AC%E0%A6%9B%E0%A6%B0%E0%A7%87%E0%A6%B0-%E0%A6%AA%E0%A7%8D%E0%A6%B0%E0%A6%A5%E0%A6%AE-%E0%A7%A7%E0%A7%A6-%E0%A6%AE%E0%A6%BE%E0%A6%B8%E0%A7%87-%E0%A6%8B%E0%A6%A3-%E0%A6%AA%E0%A6%B0%E0%A6%BF%E0%A6%B6%E0%A7%8B%E0%A6%A7-%E0%A7%A9%E0%A7%AB%E0%A7%A6-%E0%A6%95%E0%A7%8B%E0%A6%9F%E0%A6%BF,চলতি অর্থবছরের প্রথম ১০ মাসে ঋণ পরিশোধ ৩৫০ কোটি ডলার
https://www.banglatribune.com///www.banglatribune.com/business/900776/%E0%A7%A7-%E0%A6%9C%E0%A7%81%E0%A6%A8-%E0%A6%AC%E0%A6%BE%E0%A6%9C%E0%A6%BE%E0%A6%B0%E0%A7%87-%E0%A6%86%E0%A6%B8%E0%A6%9B%E0%A7%87-%E0%A6%A8%E0%A6%A4%E0%A7%81%E0%A6%A8-%E0%A6%A8%E0%A7%8B%E0%A6%9F,১ জুন বাজারে আসছে নতুন নোট
https://www.banglatribune.com///www.banglatribune.com/business/900765/%E0%A6%B8%E0%A6%BE%E0%A6%B0%E0%A6%BE%E0%A6%A6%E0%A7%87%E0%A6%B6%E0%A7%87-%E0%A6%9C%E0%A7%81%E0%A7%9F%E0%A7%87%E0%A6%B2%E0%A6%BE%E0%A6%B0%E0%A6%BF-%E0%A6%A6%E0%A7%8B%E0%A6%95%E0%A6%BE%E0%A6%A8-%E0%A6%85%E0%A6%A8%E0%A6%BF%E0%A6%B0%E0%A7%8D%E0%A6%A6%E0%A6%BF%E0%A6%B7%E0%A7%8D%E0%A6%9F%E0%A6%95%E0%A6%BE%E0%A6%B2%E0%A7%87%E0%A6%B0-%E0%A6%9C%E0%A6%A8%E0%A7%8D%E0%A6%AF-%E0%A6%AC%E0%A6%A8%E0%A7%8D%E0%A6%A7,সারাদেশে জুয়েলারি দোকান অনির্দিষ্টকালের জন্য বন্ধ
https://www.banglatribune.com///www.banglatribune.com/business/900717/%E0%A6%85%E0%A6%B0%E0%A7%8D%E0%A6%A5%E0%A6%A8%E0%A7%88%E0%A6%A4%E0%A6%BF%E0%A6%95-%E0%A6%B8%E0%A7%8D%E0%A6%A5%E0%A6%AC%E0%A6%BF%E0%A6%B0%E0%A6%A4%E0%A6%BE-%E0%A6%95%E0%A6%BE%E0%A6%9F%E0%A6%AC%E0%A7%87-%E0%A6%95%E0%A6%AC%E0%A7%87,অর্থনৈতিক স্থবিরতা কাটবে কবে?
https://www.banglatribune.com///www.banglatribune.com/business/news/900727/%E0%A6%AD%E0%A7%81%E0%A7%9F%E0%A6%BE-%E0%A6%AA%E0%A6%B0%E0%A6%BF%E0%A6%9A%E0%A7%9F%E0%A7%87-%E0%A6%AC%E0%A6%BE%E0%A6%82%E0%A6%B2%E0%A6%BE%E0%A6%A6%E0%A7%87%E0%A6%B6-%E0%A6%AC%E0%A7%8D%E0%A6%AF%E0%A6%BE%E0%A6%82%E0%A6%95%E0%A7%87-%E0%A7%A7%E0%A7%A8-%E0%A6%AC%E0%A6%9B%E0%A6%B0-%E0%A6%9A%E0%A6%BE%E0%A6%95%E0%A6%B0%E0%A6%BF-%E0%A6%AC%E0%A6%B0%E0%A6%96%E0%A6%BE%E0%A6%B8%E0%A7%8D%E0%A6%A4,ভুয়া পরিচয়ে বাংলাদেশ ব্যাংকে ১২ বছর চাকরি: বরখাস্ত মামা-ভাগনে
https://www.banglatribune.com///www.banglatribune.com/business/news/900723/%E0%A6%B8%E0%A6%BE%E0%A6%B0%E0%A6%BE-%E0%A6%A6%E0%A7%87%E0%A6%B6%E0%A7%87-%E0%A6%85%E0%A6%A8%E0%A6%BF%E0%A6%B0%E0%A7%8D%E0%A6%A6%E0%A6%BF%E0%A6%B7%E0%A7%8D%E0%A6%9F%E0%A6%95%E0%A6%BE%E0%A6%B2%E0%A7%87%E0%A6%B0-%E0%A6%9C%E0%A6%A8%E0%A7%8D%E0%A6%AF-%E0%A6%9C%E0%A7%81%E0%A6%AF%E0%A6%BC%E0%A7%87%E0%A6%B2%E0%A6%BE%E0%A6%B0%E0%A6%BF-%E0%A6%AC%E0%A7%8D%E0%A6%AF%E0%A6%AC%E0%A6%B8%E0%A6%BE,সারা দেশে অনির্দিষ্টকালের জন্য জুয়েলারি ব্যবসা বন্ধ
https://www.banglatribune.com///www.banglatribune.com/politics/other-politics/901009/%E0%A6%B0%E0%A6%BE%E0%A6%9C%E0%A6%B6%E0%A6%BE%E0%A6%B9%E0%A7%80-%E0%A6%93-%E0%A6%9A%E0%A6%9F%E0%A7%8D%E0%A6%9F%E0%A6%97%E0%A7%8D%E0%A6%B0%E0%A6%BE%E0%A6%AE%E0%A7%87-%E0%A6%97%E0%A6%A3%E0%A6%A4%E0%A6%BE%E0%A6%A8%E0%A7%8D%E0%A6%A4%E0%A7%8D%E0%A6%B0%E0%A6%BF%E0%A6%95-%E0%A6%9B%E0%A6%BE%E0%A6%A4%E0%A7%8D%E0%A6%B0-%E0%A6%9C%E0%A7%8B%E0%A6%9F%E0%A7%87%E0%A6%B0,রাজশাহী ও চট্টগ্রামে গণতান্ত্রিক ছাত্র জোটের মিছিলে হামলার প্রতিবাদে ঢাবিতে বিক্ষোভ 
https://www.banglatribune.com///www.banglatribune.com/politics/other-politics/900979/%E0%A6%B8%E0%A6%AC-%E0%A6%A6%E0%A6%B2%E0%A6%87-%E0%A6%A1%E0%A6%BF%E0%A6%B8%E0%A7%87%E0%A6%AE%E0%A7%8D%E0%A6%AC%E0%A6%B0%E0%A7%87%E0%A6%B0-%E0%A6%AE%E0%A6%A7%E0%A7%8D%E0%A6%AF%E0%A7%87-%E0%A6%A8%E0%A6%BF%E0%A6%B0%E0%A7%8D%E0%A6%AC%E0%A6%BE%E0%A6%9A%E0%A6%A8-%E0%A6%9A%E0%A6%BE%E0%A7%9F-%E0%A6%8F%E0%A6%B2%E0%A6%A1%E0%A6%BF%E0%A6%AA%E0%A6%BF,সব দলই ডিসেম্বরের মধ্যে নির্বাচন চায়: এলডিপি মহাসচিব
https://www.banglatribune.com///www.banglatribune.com/politics/other-politics/900956/%E0%A6%A6%E0%A7%87%E0%A6%B6%E0%A7%87%E0%A6%B0-%E0%A6%B8%E0%A6%AC-%E0%A6%97%E0%A6%A3%E0%A6%A4%E0%A6%BE%E0%A6%A8%E0%A7%8D%E0%A6%A4%E0%A7%8D%E0%A6%B0%E0%A6%BF%E0%A6%95-%E0%A6%A6%E0%A6%B2-%E0%A6%A1%E0%A6%BF%E0%A6%B8%E0%A7%87%E0%A6%AE%E0%A7%8D%E0%A6%AC%E0%A6%B0%E0%A7%87-%E0%A6%A8%E0%A6%BF%E0%A6%B0%E0%A7%8D%E0%A6%AC%E0%A6%BE%E0%A6%9A%E0%A6%A8-%E0%A6%9A%E0%A6%BE%E0%A7%9F-%E0%A7%A7%E0%A7%A8,দেশের সব গণতান্ত্রিক দল ডিসেম্বরে নির্বাচন চায়: ১২ দলীয় জোট
https://www.banglatribune.com///www.banglatribune.com/politics/other-politics/900950/%E0%A7%A7%E0%A7%AD-%E0%A6%AC%E0%A6%9B%E0%A6%B0-%E0%A6%AC%E0%A6%BF%E0%A6%8F%E0%A6%A8%E0%A6%AA%E0%A6%BF-%E0%A6%97%E0%A6%A3%E0%A6%A4%E0%A6%A8%E0%A7%8D%E0%A6%A4%E0%A7%8D%E0%A6%B0-%E0%A6%AA%E0%A7%81%E0%A6%A8%E0%A6%B0%E0%A7%81%E0%A6%A6%E0%A7%8D%E0%A6%A7%E0%A6%BE%E0%A6%B0%E0%A7%87-%E0%A6%A8%E0%A7%87%E0%A6%A4%E0%A7%83%E0%A6%A4%E0%A7%8D%E0%A6%AC-%E0%A6%A6%E0%A6%BF%E0%A6%A4%E0%A7%87,১৭ বছর বিএনপি গণতন্ত্র পুনরুদ্ধারে নেতৃত্ব দিতে পারেনি
https://www.banglatribune.com///www.banglatribune.com/educations/900858/%E0%A6%B8%E0%A6%B0%E0%A6%95%E0%A6%BE%E0%A6%B0%E0%A7%87%E0%A6%B0-%E0%A6%86%E0%A6%B6%E0%A7%8D%E0%A6%AC%E0%A6%BE%E0%A6%B8%E0%A7%87-%E0%A6%AA%E0%A7%8D%E0%A6%B0%E0%A6%BE%E0%A6%A5%E0%A6%AE%E0%A6%BF%E0%A6%95-%E0%A6%B6%E0%A6%BF%E0%A6%95%E0%A7%8D%E0%A6%B7%E0%A6%95%E0%A6%A6%E0%A7%87%E0%A6%B0-%E0%A6%95%E0%A6%B0%E0%A7%8D%E0%A6%AE%E0%A6%AC%E0%A6%BF%E0%A6%B0%E0%A6%A4%E0%A6%BF,সরকারের আশ্বাসে প্রাথমিক শিক্ষকদের কর্মবিরতি স্থগিত
https://www.banglatribune.com///www.banglatribune.com/educations/900821/%E0%A7%AA%E0%A7%AE%E0%A6%A4%E0%A6%AE-%E0%A6%AC%E0%A6%BF%E0%A6%B8%E0%A6%BF%E0%A6%8F%E0%A6%B8%E0%A7%87%E0%A6%B0-%E0%A6%AC%E0%A6%BF%E0%A6%9C%E0%A7%8D%E0%A6%9E%E0%A6%AA%E0%A7%8D%E0%A6%A4%E0%A6%BF-%E0%A6%AA%E0%A7%8D%E0%A6%B0%E0%A6%95%E0%A6%BE%E0%A6%B6,৪৮তম বিসিএসের বিজ্ঞপ্তি প্রকাশ
https://www.banglatribune.com///www.banglatribune.com/educations/900780/%E0%A6%AA%E0%A7%8D%E0%A6%B0%E0%A6%BE%E0%A6%A5%E0%A6%AE%E0%A6%BF%E0%A6%95-%E0%A6%B6%E0%A6%BF%E0%A6%95%E0%A7%8D%E0%A6%B7%E0%A6%95%E0%A6%A6%E0%A7%87%E0%A6%B0-%E0%A6%B8%E0%A6%99%E0%A7%8D%E0%A6%97%E0%A7%87-%E0%A6%AC%E0%A6%BF%E0%A6%95%E0%A6%BE%E0%A6%B2%E0%A7%87-%E0%A6%86%E0%A6%B2%E0%A7%8B%E0%A6%9A%E0%A6%A8%E0%A6%BE%E0%A7%9F-%E0%A6%AC%E0%A6%B8%E0%A6%9B%E0%A7%87,প্রাথমিক শিক্ষকদের সঙ্গে বিকালে আলোচনায় বসছে মন্ত্রণালয়
https://www.banglatribune.com///www.banglatribune.com/health/900846/%E0%A6%97%E0%A6%A3%E0%A6%AD%E0%A7%8D%E0%A6%AF%E0%A7%81%E0%A6%A4%E0%A7%8D%E0%A6%A5%E0%A6%BE%E0%A6%A8%E0%A7%87-%E0%A6%86%E0%A6%B9%E0%A6%A4%E0%A6%A6%E0%A7%87%E0%A6%B0-%E0%A6%AB%E0%A6%BE%E0%A6%B8%E0%A7%8D%E0%A6%9F-%E0%A6%9F%E0%A7%8D%E0%A6%B0%E0%A7%8D%E0%A6%AF%E0%A6%BE%E0%A6%95-%E0%A6%9A%E0%A6%BF%E0%A6%95%E0%A6%BF%E0%A7%8E%E0%A6%B8%E0%A6%BE-%E0%A6%93-%E0%A6%93%E0%A6%B7%E0%A7%81%E0%A6%A7,গণঅভ্যুত্থানে আহতদের ফাস্ট ট্র্যাক চিকিৎসা ও ওষুধ সরবরাহের নির্দেশ
https://www.banglatribune.com///www.banglatribune.com/health/900734/%E0%A6%B0%E0%A7%8B%E0%A6%97-%E0%A6%AA%E0%A7%8D%E0%A6%B0%E0%A6%A4%E0%A6%BF%E0%A6%B0%E0%A7%8B%E0%A6%A7%E0%A7%87-%E0%A6%AE%E0%A6%A8%E0%A7%8B%E0%A6%AF%E0%A7%8B%E0%A6%97-%E0%A6%A8%E0%A6%BE-%E0%A6%A6%E0%A6%BF%E0%A6%B2%E0%A7%87-%E0%A6%B9%E0%A6%BE%E0%A6%B8%E0%A6%AA%E0%A6%BE%E0%A6%A4%E0%A6%BE%E0%A6%B2-%E0%A6%AC%E0%A6%BE%E0%A6%A8%E0%A6%BF%E0%A7%9F%E0%A7%87-%E0%A6%B2%E0%A6%BE%E0%A6%AD,রোগ প্রতিরোধে মনোযোগ না দিলে হাসপাতাল বানিয়ে লাভ নেই : স্বাস্থ্য উপদেষ্টা
https://www.banglatribune.com///www.banglatribune.com/others/900667/%E0%A6%AA%E0%A6%A5%E0%A6%9A%E0%A6%BE%E0%A6%B0%E0%A7%80-%E0%A6%B8%E0%A6%BE%E0%A6%87%E0%A6%95%E0%A7%87%E0%A6%B2-%E0%A6%86%E0%A6%B0%E0%A7%8B%E0%A6%B9%E0%A7%80%E0%A6%A6%E0%A7%87%E0%A6%B0-%E0%A6%A8%E0%A6%BF%E0%A6%B0%E0%A6%BE%E0%A6%AA%E0%A6%A4%E0%A7%8D%E0%A6%A4%E0%A6%BE-%E0%A6%A8%E0%A6%BF%E0%A6%B6%E0%A7%8D%E0%A6%9A%E0%A6%BF%E0%A6%A4%E0%A7%87-%E2%80%98%E0%A6%B8%E0%A7%9C%E0%A6%95,পথচারী-সাইকেল আরোহীদের নিরাপত্তা নিশ্চিতে ‘সড়ক নিরাপত্তা আইন’ প্রণয়নের দাবি
https://www.banglatribune.com///www.banglatribune.com/others/900598/%E0%A6%A8%E0%A6%BF%E0%A6%B0%E0%A6%BE%E0%A6%AA%E0%A6%A4%E0%A7%8D%E0%A6%A4%E0%A6%BE%E0%A6%B9%E0%A7%80%E0%A6%A8%E0%A6%A4%E0%A6%BE%E0%A7%9F-%E0%A6%95%E0%A6%B0%E0%A7%8D%E0%A6%AE%E0%A6%AC%E0%A6%BF%E0%A6%B0%E0%A6%A4%E0%A6%BF%E0%A6%A4%E0%A7%87-%E0%A6%9A%E0%A6%95%E0%A7%8D%E0%A6%B7%E0%A7%81-%E0%A6%AC%E0%A6%BF%E0%A6%9C%E0%A7%8D%E0%A6%9E%E0%A6%BE%E0%A6%A8,নিরাপত্তাহীনতায় কর্মবিরতিতে চক্ষু বিজ্ঞান ইনস্টিটিউটের ডাক্তার-নার্স ও কর্মচারীরা
https://www.banglatribune.com///www.banglatribune.com/sport/cricket/900991/%E0%A6%AC%E0%A6%BF%E0%A6%B8%E0%A6%BF%E0%A6%AC%E0%A6%BF%E0%A6%B0-%E0%A6%A8%E0%A6%A4%E0%A7%81%E0%A6%A8-%E0%A6%B8%E0%A6%AD%E0%A6%BE%E0%A6%AA%E0%A6%A4%E0%A6%BF-%E0%A6%86%E0%A6%AE%E0%A6%BF%E0%A6%A8%E0%A7%81%E0%A6%B2-%E0%A6%87%E0%A6%B8%E0%A6%B2%E0%A6%BE%E0%A6%AE,বিসিবির নতুন সভাপতি বুলবুল
https://www.banglatribune.com///www.banglatribune.com/sport/football/900996/%E0%A6%B6%E0%A6%95%E0%A7%8D%E0%A6%A4%E0%A6%BF%E0%A6%B6%E0%A6%BE%E0%A6%B2%E0%A7%80-%E0%A6%87%E0%A6%A8%E0%A7%8D%E0%A6%A6%E0%A7%8B%E0%A6%A8%E0%A7%87%E0%A6%B6%E0%A6%BF%E0%A7%9F%E0%A6%BE%E0%A6%B0-%E0%A6%AC%E0%A6%BF%E0%A6%AA%E0%A6%95%E0%A7%8D%E0%A6%B7%E0%A7%87-%E0%A6%A4%E0%A6%BF%E0%A6%A8-%E0%A6%AA%E0%A7%9F%E0%A7%87%E0%A6%A8%E0%A7%8D%E0%A6%9F-%E0%A6%9A%E0%A6%BE%E0%A7%9F,শক্তিশালী ইন্দোনেশিয়ার বিপক্ষে তিন পয়েন্ট চায় বাংলাদেশ
https://www.banglatribune.com///www.banglatribune.com/sport/football/900999/%E0%A7%A7%E0%A7%A7-%E0%A6%AC%E0%A6%9B%E0%A6%B0-%E0%A6%AA%E0%A6%B0-%E0%A6%86%E0%A6%AC%E0%A6%BE%E0%A6%B0-%E0%A6%AE%E0%A6%BF%E0%A6%B2%E0%A6%BE%E0%A6%A8%E0%A7%87%E0%A6%B0-%E0%A6%95%E0%A7%8B%E0%A6%9A-%E0%A6%85%E0%A7%8D%E0%A6%AF%E0%A6%BE%E0%A6%B2%E0%A7%8D%E0%A6%B2%E0%A7%87%E0%A6%97%E0%A7%8D%E0%A6%B0%E0%A6%BF,১১ বছর পর আবার মিলানের কোচ অ্যাল্লেগ্রি
https://www.banglatribune.com///www.banglatribune.com/sport/cricket/900984/%E0%A6%AC%E0%A6%BF%E0%A6%B8%E0%A6%BF%E0%A6%AC%E0%A6%BF%E0%A6%A4%E0%A7%87-%E0%A6%AC%E0%A7%81%E0%A6%B2%E0%A6%AC%E0%A7%81%E0%A6%B2,বিসিবিতে বুলবুল
https://www.banglatribune.com///www.banglatribune.com/country/chitagong/899790/%E0%A6%9A%E0%A6%9F%E0%A7%8D%E0%A6%9F%E0%A6%97%E0%A7%8D%E0%A6%B0%E0%A6%BE%E0%A6%AE-%E0%A6%AC%E0%A6%BF%E0%A6%AE%E0%A6%BE%E0%A6%A8%E0%A6%AC%E0%A6%A8%E0%A7%8D%E0%A6%A6%E0%A6%B0%E0%A7%87-%E0%A6%AA%E0%A7%8D%E0%A6%B0%E0%A6%B8%E0%A7%8D%E0%A6%A4%E0%A7%81%E0%A6%A4-%E0%A6%95%E0%A6%BE%E0%A6%B0%E0%A7%8D%E0%A6%97%E0%A7%8B-%E0%A6%B8%E0%A7%8D%E0%A6%9F%E0%A7%87%E0%A6%B6%E0%A6%A8,"চট্টগ্রাম বিমানবন্দরে প্রস্তুত কার্গো স্টেশন, অপেক্ষা ফ্লাইট চালুর"
https://www.banglatribune.com///www.banglatribune.com/country/chitagong/899620/%E0%A6%9A%E0%A6%9F%E0%A7%8D%E0%A6%9F%E0%A6%97%E0%A7%8D%E0%A6%B0%E0%A6%BE%E0%A6%AE-%E0%A6%AC%E0%A6%A8%E0%A7%8D%E0%A6%A6%E0%A6%B0%E0%A7%87-%E0%A6%AA%E0%A7%9C%E0%A7%87-%E0%A6%A5%E0%A6%BE%E0%A6%95%E0%A6%BE-%E0%A6%AA%E0%A6%A3%E0%A7%8D%E0%A6%AF%E0%A6%AC%E0%A6%BE%E0%A6%B9%E0%A7%80-%E0%A6%B8%E0%A6%BE%E0%A7%9C%E0%A7%87-%E0%A7%AB-%E0%A6%B9%E0%A6%BE%E0%A6%9C%E0%A6%BE%E0%A6%B0,চট্টগ্রাম বন্দরে পড়ে থাকা পণ্যবাহী সাড়ে ৫ হাজার কনটেইনার নিলামে
https://www.banglatribune.com///www.banglatribune.com/country/chitagong/898978/%E0%A6%A8%E0%A6%BF%E0%A6%89%E0%A6%AE%E0%A7%81%E0%A6%B0%E0%A6%BF%E0%A6%82-%E0%A6%9F%E0%A6%BE%E0%A6%B0%E0%A7%8D%E0%A6%AE%E0%A6%BF%E0%A6%A8%E0%A6%BE%E0%A6%B2-%E0%A6%AC%E0%A7%87%E0%A6%B8%E0%A6%B0%E0%A6%95%E0%A6%BE%E0%A6%B0%E0%A6%BF-%E0%A6%AE%E0%A6%BE%E0%A6%B2%E0%A6%BF%E0%A6%95%E0%A6%BE%E0%A6%A8%E0%A6%BE%E0%A6%AF%E0%A6%BC-%E0%A6%A8%E0%A6%BE-%E0%A6%A6%E0%A6%BF%E0%A6%A4%E0%A7%87,"নিউমুরিং টার্মিনাল বেসরকারি মালিকানায় না দিতে চিঠির পর বরখাস্ত, পরে প্রত্যাহার"
https://www.banglatribune.com///www.banglatribune.com/country/chitagong/898270/%E0%A6%95%E0%A6%BE%E0%A6%B2%E0%A7%81%E0%A6%B0%E0%A6%98%E0%A6%BE%E0%A6%9F%E0%A7%87-%E0%A6%B9%E0%A6%9A%E0%A7%8D%E0%A6%9B%E0%A7%87-%E0%A6%A8%E0%A6%A4%E0%A7%81%E0%A6%A8-%E0%A6%B8%E0%A7%87%E0%A6%A4%E0%A7%81-%E0%A6%AD%E0%A6%BF%E0%A6%A4%E0%A7%8D%E0%A6%A4%E0%A6%BF%E0%A6%AA%E0%A7%8D%E0%A6%B0%E0%A6%B8%E0%A7%8D%E0%A6%A4%E0%A6%B0%E0%A7%87-%E0%A6%A5%E0%A6%BE%E0%A6%95%E0%A6%9B%E0%A7%87-%E0%A6%A8%E0%A6%BE,"কালুরঘাটে হচ্ছে নতুন সেতু, ভিত্তিপ্রস্তরে থাকছে না প্রধান উপদেষ্টার নাম"
https://www.banglatribune.com///www.banglatribune.com/entertainment/900978/%E0%A6%8F%E0%A6%87-%E0%A6%88%E0%A6%A6%E0%A7%87-%E0%A6%86%E0%A6%AC%E0%A6%BE%E0%A6%B0-%E0%A6%AC%E0%A6%B8%E0%A6%9B%E0%A7%87-%E2%80%98%E0%A6%9A%E0%A6%BE%E0%A6%81%E0%A6%A6%E0%A7%87%E0%A6%B0-%E0%A6%B9%E0%A6%BE%E0%A6%9F%E2%80%99,এই ঈদে আবার বসছে ‘চাঁদের হাট’!
https://www.banglatribune.com///www.banglatribune.com/entertainment/900976/%E0%A7%A7-%E0%A6%AE%E0%A6%BF%E0%A6%A8%E0%A6%BF%E0%A6%9F%E0%A7%87%E0%A6%B0-%E2%80%98%E0%A6%9F%E0%A6%97%E0%A6%B0%E2%80%99,১ মিনিটের ‘টগর’
https://www.banglatribune.com///www.banglatribune.com/entertainment/900954/%E0%A6%B8%E0%A6%BF%E0%A6%8F%E0%A6%AE%E0%A6%AD%E0%A6%BF-%E0%A6%9B%E0%A7%81%E0%A6%81%E0%A7%9F%E0%A7%87%E0%A6%9B%E0%A7%87-%E0%A7%A7%E0%A7%A6-%E0%A6%AE%E0%A6%BF%E0%A6%B2%E0%A6%BF%E0%A7%9F%E0%A6%A8%E0%A7%87%E0%A6%B0-%E0%A6%AE%E0%A6%BE%E0%A6%87%E0%A6%B2%E0%A6%AB%E0%A6%B2%E0%A6%95,১০ মিলিয়নের মাইলফলক!
https://www.banglatribune.com///www.banglatribune.com/entertainment/900939/%E0%A6%AA%E0%A7%8D%E0%A6%B0%E0%A6%A5%E0%A6%AE-%E2%80%98%E0%A6%8F%E0%A6%95%E0%A7%8D%E0%A6%B8%E0%A6%BF%E0%A6%B2%E0%A7%87%E0%A6%A8%E0%A7%8D%E0%A6%B8-%E0%A6%87%E0%A6%A8-%E0%A6%B8%E0%A6%BE%E0%A6%95%E0%A6%B8%E0%A7%87%E0%A6%B8-%E0%A6%85%E0%A7%8D%E0%A6%AF%E0%A6%BE%E0%A6%93%E0%A7%9F%E0%A6%BE%E0%A6%B0%E0%A7%8D%E0%A6%A1%E2%80%99-%E0%A6%AA%E0%A7%87%E0%A6%B2%E0%A7%87%E0%A6%A8-%E0%A6%AF%E0%A6%BE%E0%A6%B0%E0%A6%BE,প্রথম ‘এক্সিলেন্স ইন সাকসেস অ্যাওয়ার্ড’ পেলেন যারা
https://www.banglatribune.com///www.banglatribune.com/entertainment/900841/%E0%A6%A6%E0%A7%87%E0%A6%B6%E0%A7%87%E0%A6%B0-%E0%A6%AA%E0%A6%B0%E0%A7%8D%E0%A6%A6%E0%A6%BE%E0%A7%9F-%E0%A6%B2%E0%A6%BF%E0%A6%B2%E0%A7%8B-%E0%A6%93-%E0%A6%B8%E0%A7%8D%E0%A6%9F%E0%A6%BF%E0%A6%9A%E0%A7%87%E0%A6%B0-%E0%A6%97%E0%A6%B2%E0%A7%8D%E0%A6%AA,দেশের পর্দায় লিলো ও স্টিচের গল্প
https://www.banglatribune.com///www.banglatribune.com/entertainment/bollywood/900854/%E0%A6%B2%E0%A6%BF%E0%A6%93%E0%A6%B0-%E0%A6%9A%E0%A7%8B%E0%A6%96%E0%A7%87-%E2%80%98%E0%A6%95%E0%A6%BE%E0%A6%A8%E0%A7%87%E0%A6%B0-%E0%A6%B0%E0%A6%BE%E0%A6%A8%E0%A7%80%E2%80%99-%E0%A6%A4%E0%A6%AC%E0%A7%81-%E0%A6%95%E0%A6%9F%E0%A6%BE%E0%A6%95%E0%A7%8D%E0%A6%B7%E0%A7%87%E0%A6%B0-%E0%A6%B6%E0%A6%BF%E0%A6%95%E0%A6%BE%E0%A6%B0-%E0%A6%89%E0%A6%B0%E0%A7%8D%E0%A6%AC%E0%A6%B6%E0%A7%80,"লিওর চোখে ‘কানের রানী’, তবু কটাক্ষের শিকার উর্বশী"
https://www.banglatribune.com///www.banglatribune.com/entertainment/900828/%E0%A6%B8%E0%A6%99%E0%A7%8D%E0%A6%97%E0%A7%87-%E0%A6%AE%E0%A7%8B%E0%A6%B6%E0%A6%BE%E0%A6%B0%E0%A6%B0%E0%A6%AB-%E0%A6%B9%E0%A6%BF%E0%A6%AE%E0%A6%BF-%E0%A6%93-%E0%A6%A4%E0%A7%8C%E0%A6%B8%E0%A6%BF%E0%A6%AB-%E0%A6%AA%E0%A6%BE%E0%A7%9F%E0%A7%87%E0%A6%B2,সঙ্গে মোশাররফ-হিমি ও তৌসিফ-পায়েল
https://www.banglatribune.com///www.banglatribune.com/country/901020/%E2%80%98%E0%A6%A8%E0%A6%BF%E0%A6%B0%E0%A7%8D%E0%A6%AC%E0%A6%BE%E0%A6%9A%E0%A6%A8%E0%A7%87%E0%A6%B0-%E0%A6%B0%E0%A7%8B%E0%A6%A1%E0%A6%AE%E0%A7%8D%E0%A6%AF%E0%A6%BE%E0%A6%AA-%E0%A6%98%E0%A7%8B%E0%A6%B7%E0%A6%A3%E0%A6%BE-%E0%A6%95%E0%A6%B0%E0%A6%BE-%E0%A6%B9%E0%A6%B2%E0%A7%87-%E0%A6%A6%E0%A7%87%E0%A6%B6%E0%A7%87%E0%A6%B0,‘নির্বাচনের রোডম্যাপ ঘোষণা করা হলে দেশের অস্থিতিশীল পরিবেশ স্বাভাবিক হবে’
https://www.banglatribune.com///www.banglatribune.com/country/901007/%E0%A6%AE%E0%A6%BE%E0%A6%A8%E0%A7%81%E0%A6%B7%E0%A7%87%E0%A6%B0-%E0%A6%9A%E0%A6%BE%E0%A6%93%E0%A7%9F%E0%A6%BE-%E0%A6%AA%E0%A6%BE%E0%A6%93%E0%A7%9F%E0%A6%BE%E0%A6%B0-%E0%A6%93%E0%A6%AA%E0%A6%B0-%E0%A6%AD%E0%A6%BF%E0%A6%A4%E0%A7%8D%E0%A6%A4%E0%A6%BF-%E0%A6%95%E0%A6%B0%E0%A7%87%E0%A6%87-%E0%A6%8F%E0%A6%A8%E0%A6%B8%E0%A6%BF%E0%A6%AA%E0%A6%BF,মানুষের চাওয়া-পাওয়ার ওপর ভিত্তি করেই এনসিপি ইশতেহার ঘোষণা করবে: সারজিস আলম
https://www.banglatribune.com///www.banglatribune.com/country/900998/%E0%A6%9A%E0%A6%9F%E0%A7%8D%E0%A6%9F%E0%A6%97%E0%A7%8D%E0%A6%B0%E0%A6%BE%E0%A6%AE%E0%A7%87-%E0%A6%AA%E0%A6%BE%E0%A6%B9%E0%A6%BE%E0%A7%9C-%E0%A6%A7%E0%A6%B8%E0%A7%87%E0%A6%B0-%E0%A6%86%E0%A6%B6%E0%A6%99%E0%A7%8D%E0%A6%95%E0%A6%BE%E0%A7%9F-%E0%A6%AE%E0%A6%BE%E0%A6%87%E0%A6%95%E0%A6%BF%E0%A6%82,চট্টগ্রামে পাহাড় ধসের আশঙ্কায় মাইকিং
https://www.banglatribune.com///www.banglatribune.com/foreign/europe/901003/%E0%A6%AB%E0%A7%8D%E0%A6%B0%E0%A6%BE%E0%A6%A8%E0%A7%8D%E0%A6%B8%E0%A7%87-%E0%A6%B8%E0%A7%88%E0%A6%95%E0%A6%A4-%E0%A6%AA%E0%A6%BE%E0%A6%B0%E0%A7%8D%E0%A6%95-%E0%A6%93-%E0%A6%B8%E0%A7%8D%E0%A6%95%E0%A7%81%E0%A6%B2%E0%A7%87%E0%A6%B0-%E0%A6%86%E0%A6%B6%E0%A6%AA%E0%A6%BE%E0%A6%B6%E0%A7%87-%E0%A6%A7%E0%A7%82%E0%A6%AE%E0%A6%AA%E0%A6%BE%E0%A6%A8,"ফ্রান্সে সৈকত, পার্ক ও স্কুলের আশপাশে ধূমপান নিষিদ্ধ হচ্ছে"
https://www.banglatribune.com///www.banglatribune.com/foreign/india/901019/%E0%A6%AF%E0%A6%B6%E0%A7%8B%E0%A6%B0%E0%A7%87-%E0%A6%AE%E0%A6%A4%E0%A7%81%E0%A7%9F%E0%A6%BE%E0%A6%A6%E0%A7%87%E0%A6%B0-%E0%A6%93%E0%A6%AA%E0%A6%B0-%E0%A6%B9%E0%A6%BE%E0%A6%AE%E0%A6%B2%E0%A6%BE%E0%A6%B0-%E0%A6%85%E0%A6%AD%E0%A6%BF%E0%A6%AF%E0%A7%8B%E0%A6%97-%E0%A6%A8%E0%A6%BF%E0%A7%9F%E0%A7%87-%E0%A6%95%E0%A6%B2%E0%A6%95%E0%A6%BE%E0%A6%A4%E0%A6%BE%E0%A7%9F,যশোরে মতুয়াদের ওপর হামলার অভিযোগ নিয়ে কলকাতায় বাংলাদেশ উপ-হাইকমিশনে শুভেন্দু
https://www.banglatribune.com///www.banglatribune.com/foreign/middle-east/900995/%E0%A6%AE%E0%A6%BE%E0%A6%B0%E0%A7%8D%E0%A6%95%E0%A6%BF%E0%A6%A8-%E0%A6%AF%E0%A7%81%E0%A6%A6%E0%A7%8D%E0%A6%A7%E0%A6%AC%E0%A6%BF%E0%A6%B0%E0%A6%A4%E0%A6%BF%E0%A6%B0-%E0%A6%AA%E0%A7%8D%E0%A6%B0%E0%A6%B8%E0%A7%8D%E0%A6%A4%E0%A6%BE%E0%A6%AC%E0%A7%87-%E0%A6%AB%E0%A6%BF%E0%A6%B2%E0%A6%BF%E0%A6%B8%E0%A7%8D%E0%A6%A4%E0%A6%BF%E0%A6%A8%E0%A6%BF%E0%A6%A6%E0%A7%87%E0%A6%B0-%E0%A6%95%E0%A7%8B%E0%A6%A8%E0%A6%93,মার্কিন যুদ্ধবিরতির প্রস্তাবে ফিলিস্তিনিদের কোনও দাবি পূরণ হয় না: হামাস নেতা
https://www.banglatribune.com///www.banglatribune.com/tech-and-gadget/899646/%E0%A6%97%E0%A7%8D%E0%A6%B0%E0%A6%BE%E0%A6%B9%E0%A6%95%E0%A6%A6%E0%A7%87%E0%A6%B0-%E0%A6%9C%E0%A6%A8%E0%A7%8D%E0%A6%AF-%E0%A6%B8%E0%A6%B9%E0%A6%9C-%E0%A6%B8%E0%A7%8D%E0%A6%AC%E0%A6%BE%E0%A6%B8%E0%A7%8D%E0%A6%A5%E0%A7%8D%E0%A6%AF%E0%A6%B8%E0%A7%87%E0%A6%AC%E0%A6%BE-%E0%A6%86%E0%A6%A8%E0%A6%B2%E0%A7%8B-%E0%A6%97%E0%A7%8D%E0%A6%B0%E0%A6%BE%E0%A6%AE%E0%A7%80%E0%A6%A3%E0%A6%AB%E0%A7%8B%E0%A6%A8-%E0%A6%93,গ্রাহকদের জন্য সহজ স্বাস্থ্যসেবা আনলো গ্রামীণফোন ও সুখী
https://www.banglatribune.com///www.banglatribune.com/tech-and-gadget/899492/%E0%A6%A8%E0%A6%95%E0%A6%BF%E0%A7%9F%E0%A6%BE-%E0%A6%A6%E0%A6%BF%E0%A6%9A%E0%A7%8D%E0%A6%9B%E0%A7%87-%E0%A6%B8%E0%A6%BE%E0%A6%AE%E0%A6%BE%E0%A6%B0-%E0%A6%85%E0%A6%AB%E0%A6%BE%E0%A6%B0-%C2%A0,নকিয়া দিচ্ছে সামার অফার   
https://www.banglatribune.com///www.banglatribune.com/tech-and-gadget/899369/%E0%A6%B8%E0%A7%8D%E0%A6%9F%E0%A6%BE%E0%A6%B0%E0%A6%B2%E0%A6%BF%E0%A6%82%E0%A6%95%E0%A7%87%E0%A6%B0-%E0%A6%B8%E0%A6%82%E0%A6%AF%E0%A7%8B%E0%A6%97-%E0%A6%95%E0%A7%80%E0%A6%AD%E0%A6%BE%E0%A6%AC%E0%A7%87-%E0%A6%AA%E0%A6%BE%E0%A6%AC%E0%A7%87%E0%A6%A8-%E0%A6%95%E0%A7%8B%E0%A6%A5%E0%A6%BE%E0%A7%9F-%E0%A6%AC%E0%A7%8D%E0%A6%AF%E0%A6%AC%E0%A6%B9%E0%A6%BE%E0%A6%B0-%E0%A6%95%E0%A6%B0%E0%A6%A4%E0%A7%87,"স্টারলিংকের সংযোগ কীভাবে পাবেন, কোথায় ব্যবহার করতে পারবেন"
https://www.banglatribune.com///www.banglatribune.com/tech-and-gadget/899340/%E0%A6%A6%E0%A7%87%E0%A6%B6%E0%A7%87-%E0%A6%B8%E0%A7%8D%E0%A6%9F%E0%A6%BE%E0%A6%B0%E0%A6%B2%E0%A6%BF%E0%A6%82%E0%A6%95-%E0%A6%B8%E0%A6%82%E0%A6%AF%E0%A7%8B%E0%A6%97%E0%A7%87-%E0%A6%96%E0%A6%B0%E0%A6%9A-%E0%A6%95%E0%A6%A4-%E0%A6%AA%E0%A7%8D%E0%A6%AF%E0%A6%BE%E0%A6%95%E0%A7%87%E0%A6%9C%E0%A7%87%E0%A6%B0-%E0%A6%A6%E0%A6%BE%E0%A6%AE-%E0%A6%95%E0%A7%87%E0%A6%AE%E0%A6%A8,"দেশে স্টারলিংক সংযোগে খরচ কত, প্যাকেজের দাম কেমন"
https://www.banglatribune.com///www.banglatribune.com/lifestyle/900989/%E0%A6%B2%E0%A6%BF%E0%A6%9A%E0%A7%81%E0%A6%B0-%E0%A6%B2%E0%A7%87%E0%A6%AE%E0%A7%8B%E0%A6%A8%E0%A7%87%E0%A6%A1-%E0%A6%AC%E0%A6%BE%E0%A6%A8%E0%A6%BE%E0%A6%A8%E0%A7%8B%E0%A6%B0-%E0%A6%B0%E0%A7%87%E0%A6%B8%E0%A6%BF%E0%A6%AA%E0%A6%BF-%E0%A6%9C%E0%A7%87%E0%A6%A8%E0%A7%87-%E0%A6%A8%E0%A6%BF%E0%A6%A8,লিচুর লেমোনেড বানানোর রেসিপি জেনে নিন
https://www.banglatribune.com///www.banglatribune.com/lifestyle/900890/%E0%A6%8F%E0%A6%87-%E0%A7%AC-%E0%A6%96%E0%A6%BE%E0%A6%AC%E0%A6%BE%E0%A6%B0-%E0%A6%A8%E0%A6%BF%E0%A7%9F%E0%A6%AE%E0%A6%BF%E0%A6%A4-%E0%A6%96%E0%A7%87%E0%A6%B2%E0%A7%87-%E0%A6%AC%E0%A6%BE%E0%A6%B0%E0%A7%8D%E0%A6%A7%E0%A6%95%E0%A7%8D%E0%A6%AF-%E0%A6%86%E0%A6%B8%E0%A6%AC%E0%A7%87-%E0%A6%A6%E0%A7%87%E0%A6%B0%E0%A6%BF%E0%A6%A4%E0%A7%87,এই ৬ খাবার নিয়মিত খেলে বার্ধক্য আসবে দেরিতে
https://www.banglatribune.com///www.banglatribune.com/lifestyle/900871/%E0%A6%B6%E0%A7%87%E0%A6%AB%E0%A7%87%E0%A6%B0-%E0%A6%B0%E0%A7%87%E0%A6%B8%E0%A6%BF%E0%A6%AA%E0%A6%BF-%E0%A6%97%E0%A7%8D%E0%A6%B0%E0%A6%BF%E0%A6%B2-%E0%A6%B8%E0%A6%BF-%E0%A6%AC%E0%A6%BE%E0%A6%B8%C2%A0,শেফের রেসিপি: গ্রিল সি বাস 
https://www.banglatribune.com///www.banglatribune.com/lifestyle/900896/%E0%A6%88%E0%A6%A6-%E0%A6%B8%E0%A6%A8%E0%A7%8D%E0%A6%A8%E0%A6%BF%E0%A6%95%E0%A6%9F%E0%A7%87-%E0%A6%AA%E0%A7%8D%E0%A6%B0%E0%A6%B8%E0%A7%8D%E0%A6%A4%E0%A7%81%E0%A6%A4%E0%A6%BF-%E0%A6%B6%E0%A7%87%E0%A6%B7-%E0%A6%B9%E0%A7%9F%E0%A7%87%E0%A6%9B%E0%A7%87-%E0%A6%A4%E0%A7%8B,"ঈদ সন্নিকটে, প্রস্তুতি শেষ হয়েছে তো?"
https://www.banglatribune.com///www.banglatribune.com/lifestyle/900887/%E0%A6%9C%E0%A6%BE%E0%A6%AE-%E0%A6%96%E0%A7%87%E0%A6%B2%E0%A7%87-%E0%A6%8F%E0%A6%A4-%E0%A6%89%E0%A6%AA%E0%A6%95%E0%A6%BE%E0%A6%B0-%E0%A6%AA%E0%A6%BE%E0%A6%93%E0%A7%9F%E0%A6%BE-%E0%A6%AF%E0%A6%BE%E0%A7%9F-%E0%A6%9C%E0%A6%BE%E0%A6%A8%E0%A6%A4%E0%A7%87%E0%A6%A8,জাম খেলে এত উপকার পাওয়া যায় জানতেন?
https://www.banglatribune.com///www.banglatribune.com/others/900872/%E0%A6%88%E0%A6%A6%E0%A7%87%E0%A6%B0-%E0%A6%86%E0%A6%97%E0%A7%87-%E0%A6%86%E0%A6%87%E0%A6%A8%E0%A6%B6%E0%A7%83%E0%A6%99%E0%A7%8D%E0%A6%96%E0%A6%B2%E0%A6%BE-%E0%A6%AA%E0%A6%B0%E0%A6%BF%E0%A6%B8%E0%A7%8D%E0%A6%A5%E0%A6%BF%E0%A6%A4%E0%A6%BF%E0%A6%B0-%E0%A6%85%E0%A6%AC%E0%A6%A8%E0%A6%A4%E0%A6%BF-%E0%A6%A8%E0%A6%BF%E0%A6%B0%E0%A6%BE%E0%A6%AA%E0%A6%A4%E0%A7%8D%E0%A6%A4%E0%A6%BE,"ঈদের আগে আইনশৃঙ্খলা পরিস্থিতির অবনতি, নিরাপত্তা নিয়ে শঙ্কা"
https://www.banglatribune.com///www.banglatribune.com/others/900990/%E0%A6%AC%E0%A6%BF%E0%A6%B6%E0%A7%87%E0%A6%B7-%E0%A6%85%E0%A6%AD%E0%A6%BF%E0%A6%AF%E0%A6%BE%E0%A6%A8%E0%A7%87-%E0%A6%8F%E0%A6%95%E0%A6%A6%E0%A6%BF%E0%A6%A8%E0%A7%87-%E0%A6%97%E0%A7%8D%E0%A6%B0%E0%A7%87%E0%A6%AB%E0%A6%A4%E0%A6%BE%E0%A6%B0-%E0%A7%A7%E0%A7%A7%E0%A7%A6%E0%A7%AA,বিশেষ অভিযানে একদিনে গ্রেফতার ১১০৪
https://www.banglatribune.com///www.banglatribune.com/others/900987/%E0%A6%B6%E0%A7%8D%E0%A6%AF%E0%A6%BE%E0%A6%AE%E0%A6%AA%E0%A7%81%E0%A6%B0%E0%A7%87-%E0%A6%8F%E0%A6%95%E0%A6%AE%E0%A6%BE%E0%A6%B8%E0%A7%87-%E0%A7%A7%E0%A7%A7-%E0%A6%9B%E0%A6%BF%E0%A6%A8%E0%A6%A4%E0%A6%BE%E0%A6%87%E0%A6%95%E0%A6%BE%E0%A6%B0%E0%A7%80-%E0%A6%97%E0%A7%8D%E0%A6%B0%E0%A7%87%E0%A6%AB%E0%A6%A4%E0%A6%BE%E0%A6%B0,শ্যামপুরে একমাসে ১১ ছিনতাইকারী গ্রেফতার
https://www.banglatribune.com///www.banglatribune.com/others/900985/%E0%A6%89%E0%A6%A4%E0%A7%8D%E0%A6%A4%E0%A6%B0%E0%A6%BE%E0%A7%9F-%E0%A6%85%E0%A6%AA%E0%A6%B9%E0%A6%B0%E0%A6%A3%E0%A6%95%E0%A6%BE%E0%A6%B0%E0%A7%80-%E0%A6%9A%E0%A6%95%E0%A7%8D%E0%A6%B0%E0%A7%87%E0%A6%B0-%E0%A7%AB-%E0%A6%B8%E0%A6%A6%E0%A6%B8%E0%A7%8D%E0%A6%AF-%E0%A6%97%E0%A7%8D%E0%A6%B0%E0%A7%87%E0%A6%AB%E0%A6%A4%E0%A6%BE%E0%A6%B0-%E0%A6%AD%E0%A6%BF%E0%A6%95%E0%A6%9F%E0%A6%BF%E0%A6%AE,"উত্তরায় অপহরণকারী চক্রের ৫ সদস্য গ্রেফতার, ভিকটিম উদ্ধার"
https://www.banglatribune.com///www.banglatribune.com/others/900982/%E0%A6%AE%E0%A6%97%E0%A6%AC%E0%A6%BE%E0%A6%9C%E0%A6%BE%E0%A6%B0%E0%A7%87-%E0%A6%9B%E0%A6%BF%E0%A6%A8%E0%A6%A4%E0%A6%BE%E0%A6%87%E0%A7%9F%E0%A7%87%E0%A6%B0-%E0%A6%98%E0%A6%9F%E0%A6%A8%E0%A6%BE%E0%A7%9F-%E0%A7%AA-%E0%A6%9C%E0%A6%A8-%E0%A6%B0%E0%A6%BF%E0%A6%AE%E0%A6%BE%E0%A6%A8%E0%A7%8D%E0%A6%A1%E0%A7%87,মগবাজারে ছিনতাইয়ের ঘটনায় ৪ জন রিমান্ডে
https://www.banglatribune.com///www.banglatribune.com/country/900980/%E0%A6%9F%E0%A6%BE%E0%A6%99%E0%A7%8D%E0%A6%97%E0%A6%BE%E0%A6%87%E0%A6%B2%E0%A7%87%E0%A6%B0-%E0%A6%AE%E0%A6%B9%E0%A6%BE%E0%A6%B8%E0%A7%9C%E0%A6%95%E0%A7%87-%E0%A6%AA%E0%A6%BE%E0%A6%AE%E0%A6%93%E0%A7%9F%E0%A7%87%E0%A6%B2-%E0%A6%A4%E0%A7%87%E0%A6%B2%E0%A6%AC%E0%A6%BE%E0%A6%B9%E0%A7%80-%E0%A6%9F%E0%A7%8D%E0%A6%B0%E0%A6%BE%E0%A6%95-%E0%A6%9B%E0%A6%BF%E0%A6%A8%E0%A6%A4%E0%A6%BE%E0%A6%87,টাঙ্গাইলের মহাসড়কে পামওয়েল তেলবাহী ট্রাক ছিনতাই
https://www.banglatribune.com///www.banglatribune.com/jobs/896980/%E0%A6%AE%E0%A7%87%E0%A6%9F%E0%A7%8D%E0%A6%B0%E0%A7%8B%E0%A6%B0%E0%A7%87%E0%A6%B2%E0%A7%87-%E0%A6%A8%E0%A6%A4%E0%A7%81%E0%A6%A8-%E0%A6%A8%E0%A6%BF%E0%A7%9F%E0%A7%8B%E0%A6%97-%E0%A6%AC%E0%A6%BF%E0%A6%9C%E0%A7%8D%E0%A6%9E%E0%A6%AA%E0%A7%8D%E0%A6%A4%E0%A6%BF-%E0%A6%8F%E0%A6%95%E0%A6%BE%E0%A6%A7%E0%A6%BF%E0%A6%95-%E0%A6%AA%E0%A6%A6%E0%A7%87-%E0%A6%9A%E0%A6%BE%E0%A6%95%E0%A6%B0%E0%A6%BF,"মেট্রোরেলে নতুন নিয়োগ বিজ্ঞপ্তি, একাধিক পদে চাকরি"
https://www.banglatribune.com///www.banglatribune.com/jobs/895636/%E0%A6%B8%E0%A6%B0%E0%A6%95%E0%A6%BE%E0%A6%B0%E0%A6%BF-%E0%A6%AC%E0%A7%8D%E0%A6%AF%E0%A6%BE%E0%A6%82%E0%A6%95%E0%A7%87-%E0%A6%AC%E0%A7%9C-%E0%A6%A8%E0%A6%BF%E0%A7%9F%E0%A7%87%E0%A6%BE%E0%A6%97-%E0%A6%AC%E0%A6%BF%E0%A6%9C%E0%A7%8D%E0%A6%9E%E0%A6%AA%E0%A7%8D%E0%A6%A4%E0%A6%BF-%E0%A6%86%E0%A6%AC%E0%A7%87%E0%A6%A6%E0%A6%A8-%E0%A6%AB%E0%A6%BF-%E0%A7%A8%E0%A7%A6%E0%A7%A6,"সরকারি ব্যাংকে বড় নিয়োগ বিজ্ঞপ্তি, আবেদন ফি ২০০"
https://www.banglatribune.com///www.banglatribune.com/jobs/892898/%E0%A6%AC%E0%A6%BE%E0%A6%82%E0%A6%B2%E0%A6%BE%E0%A6%A6%E0%A7%87%E0%A6%B6%E0%A6%BF-%E0%A6%95%E0%A6%B0%E0%A7%8D%E0%A6%AE%E0%A7%80-%E0%A6%A8%E0%A6%BF%E0%A7%9F%E0%A7%8B%E0%A6%97-%E0%A6%A6%E0%A7%87%E0%A6%AC%E0%A7%87-%E0%A6%A2%E0%A6%BE%E0%A6%95%E0%A6%BE%E0%A6%B8%E0%A7%8D%E0%A6%A5-%E0%A6%AB%E0%A6%BF%E0%A6%B2%E0%A6%BF%E0%A6%B8%E0%A7%8D%E0%A6%A4%E0%A6%BF%E0%A6%A8,বাংলাদেশি কর্মী নিয়োগ দেবে ঢাকাস্থ ফিলিস্তিন দূতাবাস
https://www.banglatribune.com///www.banglatribune.com/others/900021/%E0%A6%A7%E0%A6%B0%E0%A7%8D%E0%A6%AE-%E0%A6%89%E0%A6%AA%E0%A6%A6%E0%A7%87%E0%A6%B7%E0%A7%8D%E0%A6%9F%E0%A6%BE%E0%A6%B0-%E0%A6%B8%E0%A6%99%E0%A7%8D%E0%A6%97%E0%A7%87-%E0%A6%A5%E0%A6%BE%E0%A6%87%E0%A6%B2%E0%A7%8D%E0%A6%AF%E0%A6%BE%E0%A6%A8%E0%A7%8D%E0%A6%A1%E0%A7%87%E0%A6%B0-%E0%A6%97%E0%A7%8D%E0%A6%B0%E0%A7%8D%E0%A6%AF%E0%A6%BE%E0%A6%A8%E0%A7%8D%E0%A6%A1-%E0%A6%AE%E0%A7%81%E0%A6%AB%E0%A6%A4%E0%A6%BF%E0%A6%B0,ধর্ম উপদেষ্টার সঙ্গে থাইল্যান্ডের গ্র্যান্ড মুফতির সাক্ষাৎ
https://www.banglatribune.com///www.banglatribune.com/others/religion/899807/%E0%A6%98%E0%A7%81%E0%A6%B7-%E0%A6%A6%E0%A6%BF%E0%A7%9F%E0%A7%87-%E0%A6%A8%E0%A7%87%E0%A6%93%E0%A7%9F%E0%A6%BE-%E0%A6%9A%E0%A6%BE%E0%A6%95%E0%A6%B0%E0%A6%BF%E0%A6%B0-%E0%A6%AC%E0%A7%87%E0%A6%A4%E0%A6%A8-%E0%A6%95%E0%A7%80-%E0%A6%B9%E0%A6%BE%E0%A6%B2%E0%A6%BE%E0%A6%B2,ঘুষ দিয়ে নেওয়া চাকরির বেতন কী হালাল?
https://www.banglatribune.com///www.banglatribune.com/others/religion/898778/%E0%A6%AC%E0%A6%A6%E0%A6%B2%E0%A6%BF-%E0%A6%B9%E0%A6%9C-%E0%A6%95%E0%A7%80-%E0%A6%A8%E0%A6%BE%E0%A6%B0%E0%A7%80-%E0%A6%95%E0%A6%BF-%E0%A6%AA%E0%A7%81%E0%A6%B0%E0%A7%81%E0%A6%B7%E0%A7%87%E0%A6%B0-%E0%A6%AC%E0%A6%A6%E0%A6%B2%E0%A6%BF-%E0%A6%B9%E0%A6%9C-%E0%A6%86%E0%A6%A6%E0%A6%BE%E0%A7%9F-%E0%A6%95%E0%A6%B0%E0%A6%A4%E0%A7%87,"বদলি হজ কী, নারী কি পুরুষের বদলি হজ আদায় করতে পারবে?"
https://www.banglatribune.com///www.banglatribune.com/literature/articles/900937/%E0%A6%A8%E0%A6%97%E0%A7%81%E0%A6%97%E0%A6%BF%E0%A6%B0-%E0%A6%B8%E0%A6%99%E0%A7%8D%E0%A6%97%E0%A7%87-%E0%A6%8F%E0%A6%95-%E0%A6%AC%E0%A6%BF%E0%A6%95%E0%A7%87%E0%A6%B2%E0%A7%87,নগুগির সঙ্গে এক বিকেলে
https://www.banglatribune.com///www.banglatribune.com/literature/articles/900928/%E0%A6%A8%E0%A6%97%E0%A7%81%E0%A6%97%E0%A6%BF-%E0%A6%93-%E0%A6%95%E0%A7%8D%E0%A6%AF%E0%A6%BE%E0%A6%B2%E0%A6%BF%E0%A6%AC%E0%A6%BE%E0%A6%A8%E0%A7%87%E0%A6%B0-%E0%A6%89%E0%A6%A4%E0%A7%8D%E0%A6%A4%E0%A6%B0%E0%A6%AA%E0%A7%81%E0%A6%B0%E0%A7%81%E0%A6%B7,নগুগি ও ক্যালিবানের উত্তরপুরুষ
https://www.banglatribune.com///www.banglatribune.com/literature/short-stories/900843/%E0%A6%B9%E0%A6%BE%E0%A6%B0%E0%A7%8D%E0%A6%9F-%E0%A6%B2%E0%A7%8D%E0%A6%AF%E0%A6%BE%E0%A6%AE%E0%A7%8D%E0%A6%AA-%E0%A5%A4%E0%A5%A4-%E0%A6%AC%E0%A6%BE%E0%A6%A8%E0%A7%81-%E0%A6%AE%E0%A7%81%E0%A6%B6%E0%A6%A4%E0%A6%BE%E0%A6%95%E0%A7%87,হার্ট ল্যাম্প ।। বানু মুশতাক
https://www.banglatribune.com///www.banglatribune.com/others/interview/869326/%E0%A6%AC%E0%A6%BE%E0%A6%82%E0%A6%B2%E0%A6%BE%E0%A6%A6%E0%A7%87%E0%A6%B6%E0%A7%87-%E0%A6%97%E0%A6%A3%E0%A6%A4%E0%A6%A8%E0%A7%8D%E0%A6%A4%E0%A7%8D%E0%A6%B0-%E0%A6%95%E0%A6%96%E0%A6%A8%E0%A7%8B%E0%A6%87-%E0%A6%AA%E0%A7%8D%E0%A6%B0%E0%A6%A4%E0%A6%BF%E0%A6%B7%E0%A7%8D%E0%A6%A0%E0%A6%BF%E0%A6%A4-%E0%A6%B9%E0%A7%9F%E0%A6%A8%E0%A6%BF,বাংলাদেশে গণতন্ত্র কখনোই প্রতিষ্ঠিত হয়নি: সলিমুল্লাহ খান
https://www.banglatribune.com///www.banglatribune.com/others/interview/870226/%E0%A6%86%E0%A6%97%E0%A6%BE%E0%A6%AE%E0%A7%80-%E0%A6%A8%E0%A6%BF%E0%A6%B0%E0%A7%8D%E0%A6%AC%E0%A6%BE%E0%A6%9A%E0%A6%A8%E0%A7%87-%E0%A6%A4%E0%A6%B0%E0%A7%81%E0%A6%A3%E0%A6%A6%E0%A7%87%E0%A6%B0-%E0%A6%8F%E0%A6%95%E0%A6%9F%E0%A6%BF-%E0%A6%A6%E0%A6%B2%E0%A6%95%E0%A7%87-%E0%A6%95%E0%A7%8D%E0%A6%B7%E0%A6%AE%E0%A6%A4%E0%A6%BE%E0%A7%9F-%E0%A6%A8%E0%A6%BF%E0%A6%AF%E0%A6%BC%E0%A7%87,আগামী নির্বাচনে তরুণদের একটি দলকে ক্ষমতায় নিয়ে আসতে চাই
https://www.banglatribune.com///www.banglatribune.com/others/interview/867469/%E0%A6%9C%E0%A7%81%E0%A6%B2%E0%A6%BE%E0%A6%87-%E0%A6%97%E0%A6%A3%E0%A6%B9%E0%A6%A4%E0%A7%8D%E0%A6%AF%E0%A6%BE-%E0%A6%AB%E0%A6%BE%E0%A6%B0%E0%A7%8D%E0%A6%B8%E0%A7%8D%E0%A6%9F-%E0%A6%AA%E0%A7%8D%E0%A6%B0%E0%A6%BE%E0%A7%9F%E0%A7%8B%E0%A6%B0%E0%A6%BF%E0%A6%9F%E0%A6%BF-%E0%A6%B8%E0%A7%87%E0%A6%95%E0%A7%87%E0%A6%A8%E0%A7%8D%E0%A6%A1%E0%A7%87-%E0%A6%97%E0%A7%81%E0%A6%AE,"জুলাই গণহত্যা ফার্স্ট প্রায়োরিটি, সেকেন্ডে গুম"
https://www.banglatribune.com///www.banglatribune.com/video/877312/%E0%A6%AE%E0%A6%BF%E0%A6%B0%E0%A6%AA%E0%A7%81%E0%A6%B0-%E0%A6%AC%E0%A7%81%E0%A6%A6%E0%A7%8D%E0%A6%A7%E0%A6%BF%E0%A6%9C%E0%A7%80%E0%A6%AC%E0%A7%80-%E0%A6%B8%E0%A7%8D%E0%A6%AE%E0%A7%83%E0%A6%A4%E0%A6%BF%E0%A6%B8%E0%A7%8C%E0%A6%A7%E0%A7%87-%E0%A6%B6%E0%A7%8D%E0%A6%B0%E0%A6%A6%E0%A7%8D%E0%A6%A7%E0%A6%BE-%E0%A6%A8%E0%A6%BF%E0%A6%AC%E0%A7%87%E0%A6%A6%E0%A6%A8%E0%A7%87%E0%A6%B0-%E0%A6%AA%E0%A6%B0,মিরপুর বুদ্ধিজীবী স্মৃতিসৌধে শ্রদ্ধা নিবেদনের পর নির্বাচন নিয়ে যা বললেন মির্জা ফখরুল
https://www.banglatribune.com///www.banglatribune.com/video/877310/%E0%A6%AE%E0%A6%BF%E0%A6%B0%E0%A6%AA%E0%A7%81%E0%A6%B0-%E0%A6%AC%E0%A7%81%E0%A6%A6%E0%A7%8D%E0%A6%A7%E0%A6%BF%E0%A6%9C%E0%A7%80%E0%A6%AC%E0%A7%80-%E0%A6%B8%E0%A7%8D%E0%A6%AE%E0%A7%83%E0%A6%A4%E0%A6%BF%E0%A6%B8%E0%A7%8C%E0%A6%A7%E0%A7%87-%E0%A6%B8%E0%A6%B0%E0%A7%8D%E0%A6%AC%E0%A6%B8%E0%A7%8D%E0%A6%A4%E0%A6%B0%E0%A7%87%E0%A6%B0-%E0%A6%AE%E0%A6%BE%E0%A6%A8%E0%A7%81%E0%A6%B7%E0%A7%87%E0%A6%B0,মিরপুর বুদ্ধিজীবী স্মৃতিসৌধে সর্বস্তরের মানুষের শ্রদ্ধাঞ্জলি
https://www.banglatribune.com///www.banglatribune.com/video/877311/%E0%A6%B0%E0%A6%BE%E0%A7%9F%E0%A7%87%E0%A6%B0%E0%A6%AC%E0%A6%BE%E0%A6%9C%E0%A6%BE%E0%A6%B0-%E0%A6%AC%E0%A6%A7%E0%A7%8D%E0%A6%AF%E0%A6%AD%E0%A7%82%E0%A6%AE%E0%A6%BF-%E0%A6%B8%E0%A7%8D%E0%A6%AE%E0%A7%83%E0%A6%A4%E0%A6%BF%E0%A6%B8%E0%A7%8C%E0%A6%A7%E0%A7%87-%E0%A6%B6%E0%A6%B9%E0%A7%80%E0%A6%A6%E0%A6%A6%E0%A7%87%E0%A6%B0-%E0%A6%B8%E0%A7%8D%E0%A6%AE%E0%A6%B0%E0%A6%A3%E0%A7%87,রায়েরবাজার বধ্যভূমি স্মৃতিসৌধে শহীদদের স্মরণে পুষ্পস্তবক অর্পণ
https://www.banglatribune.com///www.banglatribune.com/video/877309/%E0%A6%89%E0%A6%AA%E0%A6%A6%E0%A7%87%E0%A6%B7%E0%A7%8D%E0%A6%9F%E0%A6%BE%E0%A6%B0-%E0%A6%9A%E0%A7%87%E0%A7%9F%E0%A7%87-%E0%A6%AB%E0%A6%BE%E0%A6%B0%E0%A7%81%E0%A6%95%E0%A7%80%E0%A6%B0-%E0%A6%AA%E0%A6%B0%E0%A6%BF%E0%A6%9A%E0%A6%BE%E0%A6%B2%E0%A6%95-%E0%A6%AA%E0%A6%B0%E0%A6%BF%E0%A6%9A%E0%A7%9F%E0%A6%9F%E0%A6%BE%E0%A6%87-%E0%A6%AE%E0%A7%81%E0%A6%96%E0%A7%8D%E0%A6%AF,উপদেষ্টার চেয়ে ফারুকীর পরিচালক পরিচয়টাই মুখ্য: তিশা
https://www.banglatribune.com///www.banglatribune.com/video/877308/%E0%A6%87%E0%A6%89%E0%A6%9F%E0%A6%BF%E0%A6%89%E0%A6%AC-%E0%A6%A6%E0%A7%87%E0%A6%96%E0%A7%87-%E0%A6%AE%E0%A6%BF%E0%A6%B8%E0%A6%B0%E0%A7%80%E0%A7%9F-%E0%A6%9C%E0%A6%BE%E0%A6%A4%E0%A7%87%E0%A6%B0-%E0%A6%B9%E0%A6%B2%E0%A7%81%E0%A6%A6-%E0%A6%AE%E0%A6%BE%E0%A6%B2%E0%A7%8D%E0%A6%9F%E0%A6%BE-%E0%A6%9A%E0%A6%BE%E0%A6%B7-%E0%A6%AA%E0%A7%8D%E0%A6%B0%E0%A6%A4%E0%A6%BF%E0%A6%A6%E0%A6%BF%E0%A6%A8,"ইউটিউব দেখে মিসরীয় জাতের হলুদ মাল্টা চাষ, প্রতিদিন লাখ টাকার বেশি বিক্রি"
https://www.banglatribune.com///www.banglatribune.com/video/877307/%E0%A6%AC%E0%A7%80%E0%A6%9C-%E0%A6%86%E0%A6%B2%E0%A7%81%E0%A6%B0-%E0%A6%86%E0%A6%95%E0%A6%BE%E0%A6%B6%E0%A6%9B%E0%A7%8B%E0%A6%81%E0%A7%9F%E0%A6%BE-%E0%A6%A6%E0%A6%BE%E0%A6%AE%E0%A7%87-%E0%A6%A6%E0%A7%81%E0%A6%B6%E0%A7%8D%E0%A6%9A%E0%A6%BF%E0%A6%A8%E0%A7%8D%E0%A6%A4%E0%A6%BE%E0%A7%9F-%E0%A6%95%E0%A7%83%E0%A6%B7%E0%A6%95%E0%A6%B0%E0%A6%BE-%E0%A6%86%E0%A6%B2%E0%A7%81%E0%A6%B0,"বীজ আলুর আকাশছোঁয়া দামে দুশ্চিন্তায় কৃষকরা, আলুর বাজারে লাগবে আগুন!"
